"ID_0","band_0_4","band_5_9","band_10_14","band_15_19","band_20_24","band_25_29","band_30_34","band_35_39","band_40_44","band_45_49","band_50_54","band_55_59","band_60_64","band_65_69","band_70_74","band_75_79","band_80_84","band_85_89","band_90_94","band_95_99"
1,0.15218594355285,0.150740945704974,0.137490007993605,0.11784418618951,0.0938326262067269,0.0756318022505073,0.0633954374961569,0.0514357744573572,0.0403369612002706,0.0319744204636291,0.0253028346553526,0.0198610342495235,0.0152800836254074,0.0115599827830044,0.00694828752382709,0.00381233474758655,0.001690954928365,0.000553403431101273,0.000122978540244727,0
4,0.0639253628196268,0.0535590877677954,0.0677263303386317,0.0891499654457498,0.0939875604699378,0.0798203178991016,0.060124395300622,0.0532135452660677,0.0597788527988943,0.0642709053213545,0.0708362128541811,0.0659986178299931,0.0539046302695231,0.0407740152038701,0.0331720801658604,0.0262612301313061,0.0148583275742916,0.00656530753282654,0.00172771250863856,0.000345542501727712
5,0.115719147863356,0.0962309340728602,0.073440060506744,0.0758855414093029,0.0903819488213791,0.0947686877599899,0.090306315391403,0.0767931425690155,0.0621454682969873,0.0528677675532585,0.0449514685490987,0.0364553132484558,0.0306819614269507,0.0201437035169545,0.015353586285138,0.0118492373629144,0.00753813185427959,0.00332787091894617,0.000958023446363293,0.000201689146602798
8,0.188554072416274,0.157261609783391,0.130724962033411,0.107265606266485,0.0875229797777955,0.0719766605387259,0.0589481256494285,0.0478379026456718,0.0376868355846855,0.0300135880425226,0.0243385820477979,0.0195827671648949,0.0151866357605307,0.00983134841339621,0.0067540564303413,0.00395651826392774,0.00183838222364319,0.000599472464231476,0.000119894492846295,0
11,0.0769230769230769,0.0769230769230769,0.0879120879120879,0.0879120879120879,0.0879120879120879,0.0769230769230769,0.0659340659340659,0.0549450549450549,0.0769230769230769,0.0879120879120879,0.0659340659340659,0.0549450549450549,0.032967032967033,0.021978021978022,0.021978021978022,0.010989010989011,0.010989010989011,0,0,0
12,0.085648468094909,0.0838055747523612,0.0825155494125777,0.0791983413959917,0.0796360285648468,0.0768486523842433,0.0734623358673117,0.0742225293711126,0.0620363971435153,0.0543653536051601,0.0505183137525916,0.0467864547339323,0.0418106427090532,0.0348537203409353,0.0270214236351071,0.0201336097673347,0.0142133149043999,0.00847730937571988,0.00352453351762267,0.0009214466712739
13,0.0685884691848907,0.062624254473161,0.0526838966202783,0.0593108018555335,0.0851557322730285,0.0937707090788602,0.0838303512259775,0.0669317428760769,0.0563286944996687,0.0566600397614314,0.0778661365142478,0.0728959575878065,0.0550033134526176,0.0318091451292246,0.0168986083499006,0.0308151093439364,0.0182239893969516,0.00762094102054341,0.00265076209410205,0.000331345261762757
14,0.0480769230769231,0.0673076923076923,0.0673076923076923,0.0769230769230769,0.0673076923076923,0.0480769230769231,0.0576923076923077,0.0673076923076923,0.0769230769230769,0.0769230769230769,0.0865384615384615,0.0769230769230769,0.0673076923076923,0.0480769230769231,0.0288461538461538,0.0192307692307692,0.00961538461538462,0.00961538461538462,0,0
15,0.0645080530751899,0.0635483601769173,0.0589585245764834,0.0620462321622298,0.0700993073520821,0.0748560460652591,0.0741467078361011,0.0642576984060753,0.071351080697655,0.064299424184261,0.0670950513227072,0.0610448134857715,0.0534507218559626,0.0496536760410582,0.035592088792456,0.0264124175915881,0.0194024868563799,0.0125594592339147,0.0055495284987065,0.00116832178920137
16,0.0473012527807048,0.0464816766186629,0.048354993560473,0.0538578620770402,0.0633415290949537,0.0649806814190376,0.0674394099051633,0.0632244467860906,0.0709518791710572,0.083245521601686,0.0807867931155602,0.0687273153026578,0.0539749443859033,0.0504624751200094,0.0499941458845568,0.0366467626741599,0.0247043671701206,0.016976934785154,0.00749326776724037,0.00105374077976818
17,0.0953552752999077,0.0634676509791859,0.0603916743566082,0.0723879831846611,0.0932020916641034,0.0986363170306572,0.0895109197170102,0.0654157695068184,0.0656208346149903,0.0635701835332718,0.0775146108889572,0.0544447862196247,0.0441915308110325,0.0135342971393417,0.0141494924638573,0.0159950784374039,0.00861273454321747,0.00317850917666359,0.000717727878601456,0.000102532554085922
18,0.0745501285347044,0.0694087403598972,0.06426735218509,0.0796915167095116,0.0874035989717224,0.0848329048843188,0.0822622107969152,0.0694087403598972,0.0745501285347044,0.0668380462724936,0.0668380462724936,0.0539845758354756,0.0437017994858612,0.0308483290488432,0.0205655526992288,0.0154241645244216,0.0077120822622108,0.0051413881748072,0.0025706940874036,0
19,0.0792151162790698,0.0726744186046512,0.0632267441860465,0.0646802325581395,0.0872093023255814,0.125726744186047,0.126453488372093,0.0966569767441861,0.0886627906976744,0.0683139534883721,0.0523255813953488,0.0363372093023256,0.0145348837209302,0.0101744186046512,0.0065406976744186,0.00436046511627907,0.00218023255813953,0.000726744186046512,0,0
20,0.0952301088894272,0.0973234196125201,0.101926218561517,0.100137276459882,0.0945903136239122,0.0898384361664462,0.0837137941101566,0.0736882644155812,0.0615756356024325,0.0557180925404841,0.0452577505295393,0.0312505823379237,0.0200510593891508,0.0177341309033536,0.0136220487114026,0.0089384989036518,0.00547863518625496,0.00268962475697097,0.000993856723130152,0.000242252576262974
21,0.0598591549295775,0.0669014084507042,0.0669014084507042,0.0633802816901408,0.0633802816901408,0.0633802816901408,0.0669014084507042,0.0669014084507042,0.0704225352112676,0.0704225352112676,0.073943661971831,0.0669014084507042,0.0563380281690141,0.0457746478873239,0.0352112676056338,0.028169014084507,0.0211267605633803,0.0105633802816901,0.00352112676056338,0
22,0.0617101937657961,0.0523378264532435,0.0465459140690817,0.0460193765796125,0.0667649536647009,0.0835088458298231,0.0785593934288121,0.0704507160909857,0.0682392586352148,0.0655012636899747,0.0803496208930076,0.0769797809604044,0.06318449873631,0.0397009267059815,0.0300126368997473,0.0339090143218197,0.0213774220724516,0.0116891322662174,0.00284330244313395,0.00031592249368155
23,0.0577927250199133,0.0576157182051509,0.0539870785025223,0.0549606159837154,0.0611558545003983,0.0631914328701655,0.0650500044251704,0.0653155146473139,0.0677936100539871,0.0717762633861404,0.0730153110894769,0.0671740862023188,0.0589432693158687,0.0546951057615718,0.0380564651739092,0.0345163288786618,0.0287636073988849,0.0174351712540933,0.00769979644216302,0.00106204088857421
24,0.108938547486034,0.106145251396648,0.108938547486034,0.106145251396648,0.100558659217877,0.0893854748603352,0.0782122905027933,0.0642458100558659,0.058659217877095,0.0502793296089385,0.0418994413407821,0.0307262569832402,0.0223463687150838,0.0139664804469274,0.00837988826815642,0.00558659217877095,0.00279329608938547,0.00279329608938547,0,0
25,0.156985294117647,0.140073529411765,0.124540441176471,0.107720588235294,0.0920955882352941,0.0774816176470588,0.0652573529411765,0.0544117647058824,0.0453125,0.0374080882352941,0.0297794117647059,0.0228860294117647,0.0170955882352941,0.0124080882352941,0.00900735294117647,0.00487132352941176,0.00202205882352941,0.000551470588235294,9.19117647058824e-05,0
27,0.0851612903225806,0.0929032258064516,0.0916129032258065,0.0954838709677419,0.100645161290323,0.103225806451613,0.0993548387096774,0.08,0.0593548387096774,0.0503225806451613,0.0374193548387097,0.032258064516129,0.0232258064516129,0.0180645161290323,0.0129032258064516,0.00903225806451613,0.00516129032258065,0.00258064516129032,0.00129032258064516,0
28,0.11059306229019,0.10816859380828,0.105744125326371,0.100895188362551,0.0919433047370384,0.0828981723237598,0.074692279000373,0.0649944050727341,0.0539910481163745,0.0447594181275643,0.0373927638940694,0.0318910854158896,0.0275083923908989,0.0207012308839985,0.0171577769488997,0.0119358448340172,0.0082058933233868,0.00447594181275643,0.00167847817978366,0.000372995151063036
30,0.0451443569553806,0.0461942257217848,0.0435695538057743,0.057742782152231,0.0595800524934383,0.0745406824146982,0.0803149606299213,0.0708661417322835,0.0729658792650919,0.0692913385826772,0.0805774278215223,0.0755905511811024,0.0692913385826772,0.0548556430446194,0.031496062992126,0.0338582677165354,0.0215223097112861,0.00971128608923885,0.0026246719160105,0.00026246719160105
31,0.117647058823529,0.104820875718709,0.0977443609022556,0.0973020787262273,0.0977443609022556,0.0981866430782839,0.092436974789916,0.0756302521008403,0.0561698363555949,0.0424590888987174,0.0336134453781513,0.0283060592658116,0.0225563909774436,0.0141530296329058,0.010172490048651,0.00663423264042459,0.00309597523219814,0.000884564352056612,0.000442282176028306,0
33,0.0723248652809854,0.0741339491916859,0.0838289068514242,0.0840261739799846,0.0802011162432641,0.0837182448036951,0.0857197844495766,0.0783631639722864,0.0688991531947652,0.0634767128560431,0.0593918398768283,0.0485902617397998,0.0389097382602002,0.0287336412625096,0.0201356812933025,0.0147324865280985,0.00864126250962279,0.0044697844495766,0.00142898383371824,0.000274249422632794
36,0.0803782505910166,0.0709219858156028,0.0803782505910166,0.0851063829787234,0.08274231678487,0.0898345153664303,0.0921985815602837,0.0874704491725768,0.0803782505910166,0.0709219858156028,0.0567375886524823,0.0449172576832151,0.033096926713948,0.0189125295508274,0.0118203309692671,0.00709219858156028,0.00472813238770686,0.00236406619385343,0,0
37,0.0471394600643447,0.0499370541334452,0.0443418659952441,0.0446216254021541,0.0524548887956357,0.0674220170653238,0.0688208140998741,0.073296964610435,0.0752552804588054,0.0704993705413345,0.0671422576584138,0.0697999720240593,0.0691005735067842,0.0668624982515037,0.0502168135403553,0.0386067981535879,0.0276961812840957,0.0128689327178626,0.00363687228983075,0.000279759406910057
38,0.173634505992158,0.152261556304192,0.129784061412713,0.108742475285801,0.0906831612083725,0.0754956646600762,0.0633456674214392,0.0511956701828022,0.0399845363671508,0.032197492682388,0.0250731761197327,0.0193295410614679,0.0143038603854863,0.0104931794333683,0.00723477108300657,0.00403158999282046,0.00165681780526868,0.000497045341580604,5.52272601756227e-05,0
39,0.184452992217551,0.147777082028804,0.115842204132749,0.099114410949101,0.0932999373825924,0.0844440468736023,0.0674478933715001,0.0489310313981573,0.035513015475445,0.0311297969406924,0.0268360318454245,0.0233473477055193,0.0171750603810717,0.0101082386617765,0.00688791484032561,0.00429376509526791,0.00232578942660345,0.000894534394847482,0.000178906878969496,0
43,0.103646833013436,0.0978886756238004,0.0940499040307102,0.103646833013436,0.111324376199616,0.103646833013436,0.0863723608445297,0.0633397312859885,0.0499040307101727,0.0460652591170825,0.0441458733205374,0.0287907869481766,0.0211132437619962,0.00959692898272553,0.0115163147792706,0.0134357005758157,0.00767754318618042,0.00383877159309021,0,0
40,0.113750160482732,0.106624727179356,0.0957119013994094,0.100975735010913,0.105019899858775,0.0822955449993581,0.108486326871229,0.0417897034279112,0.0532802670432661,0.0489793298241109,0.0441006547695468,0.031454615483374,0.0263833611503402,0.0173321350622673,0.0116831428938246,0.00712543330337656,0.00359481319809988,0.00115547567081782,0.000256772371292849,0
41,0.160133658912736,0.141112967484899,0.12402004883691,0.10752688172043,0.0952319753245084,0.0826800325579403,0.0680289594310928,0.052778134772737,0.0412971768838624,0.032600779676991,0.0258321552499679,0.020348712676177,0.0163646489311571,0.0127661397421068,0.00916763055305659,0.00578331833954505,0.00295591826243413,0.00107098487769353,0.000257036370646446,4.28393951077411e-05
42,0.0540435242388824,0.0541826682250793,0.0515111036900985,0.0588579061612957,0.0693771915177826,0.0681805532364891,0.0702955418266823,0.0663995102131686,0.0652307007291145,0.0674291757110258,0.0783102354316246,0.0731340791450994,0.0618355874659097,0.0537652362664886,0.0382089386096733,0.0274670228752713,0.0205933099571437,0.0136361106472978,0.00606667779818556,0.00147492625368732
46,0.144519289650949,0.126760563380282,0.119412124923454,0.109205960400082,0.0961420698101653,0.0863441518677281,0.0718513982445397,0.0559297815880792,0.0432741375790978,0.0342927127985303,0.0289855072463768,0.024903041437028,0.0200040824658093,0.0153092467850582,0.0112267809757093,0.00694019187589304,0.00347009593794652,0.00122473974280465,0.000204123290467442,0
47,0.187504452518344,0.15672864572202,0.132934387689677,0.111277338462634,0.0911163353993018,0.0730925411412695,0.0582745600911876,0.0456650281399159,0.0354064258744746,0.0274275130013536,0.0224406924556529,0.0186649568996224,0.015031701930612,0.0100448813849113,0.00712402935100093,0.00434565790411057,0.00206596851179027,0.000712402935100093,0.000142480587020019,0
48,0.0652064872094967,0.0668784484199967,0.0694421222760965,0.0736777573426963,0.0788608370952461,0.080867190547846,0.0740121495847963,0.0698322465585465,0.0703338349216965,0.0717271359304464,0.0655966114919467,0.0569024131973472,0.0469821100150477,0.0356685058239982,0.0276988240539486,0.019283285961099,0.0135428858050493,0.00830407401214958,0.00384551078414981,0.00133756896839993
49,0.0604549418604651,0.0571489825581395,0.054718023255814,0.0573619186046512,0.0771359011627907,0.0938125,0.0722202034883721,0.0691998546511628,0.0865494186046512,0.0897710755813954,0.072234738372093,0.0573640988372093,0.0565479651162791,0.0371809593023256,0.0245290697674419,0.0175552325581395,0.0103633720930233,0.00431613372093023,0.00126598837209302,0.000269622093023256
53,0.0775132714001327,0.0809762773722628,0.0843978102189781,0.0843978102189781,0.0870520902455209,0.0848954877239549,0.081556901128069,0.0736770072992701,0.0654031187790312,0.0662740544127405,0.0582075315195753,0.0473830457863305,0.0379686463171865,0.0272685799601858,0.0178749170537492,0.0119027869940279,0.00742368944923689,0.00389847378898474,0.00155524220305242,0.000373258128732581
54,0.151015228426396,0.133248730964467,0.118020304568528,0.104060913705584,0.0939086294416244,0.083756345177665,0.0723350253807107,0.0571065989847716,0.0456852791878173,0.0380710659898477,0.0317258883248731,0.0253807106598985,0.0177664974619289,0.0114213197969543,0.00761421319796954,0.0050761421319797,0.00253807106598985,0.00126903553299492,0,0
63,0.179580426820588,0.15193674047807,0.128408546765197,0.106109824120928,0.0885995677438559,0.0729788142722178,0.0593122727096248,0.0480011388784636,0.0396019102097866,0.0325615706169356,0.0262977390674138,0.0208233573619433,0.0161384255005241,0.0125017794975993,0.0086062974802314,0.00508612768380592,0.00242011673504251,0.000828275246217759,0.000181185210110135,2.5883601444305e-05
185,0.164356864443482,0.142052836725855,0.119965352966652,0.100909484625379,0.084668687743612,0.0749242096145517,0.06691208315288,0.057600692940667,0.0461238631442183,0.035946297098311,0.0283672585534864,0.0229536595928974,0.0186227804244262,0.014291901255955,0.0103941100043309,0.00671286271113036,0.00346470333477696,0.00129926375054136,0.00043308791684712,0
56,0.0728256346233874,0.0749063670411985,0.0753225135247607,0.0826050769870995,0.0859342488555972,0.0861423220973783,0.0811485642946317,0.071993341656263,0.0634623387432376,0.0649188514357054,0.0620058260507699,0.0511860174781523,0.0384935497295048,0.0320432792342905,0.0224719101123595,0.0158135663753641,0.0101955888472742,0.00561797752808989,0.00228880565959218,0.000624219725343321
57,0.16153473415268,0.139068763490595,0.124179551561605,0.110567816395753,0.0922426324831505,0.0753711290251531,0.0625523104709044,0.0533016166688692,0.0438747191753667,0.0359455530593366,0.0293379146293115,0.0235672437337562,0.0181930311440025,0.0136998370115854,0.00907449011056782,0.00488965243821858,0.00198229152900753,0.000528611074402009,8.81018457336681e-05,0
58,0.0488092431030417,0.051167177552464,0.0488092431030417,0.0568262202310776,0.055175666116482,0.0629568497995756,0.0681443055883046,0.0690874793680736,0.0688516859231313,0.0655505776939401,0.0723885875972648,0.0728601744871493,0.0700306531478425,0.0587125677906154,0.0405564725300637,0.041971233199717,0.0290025937278944,0.0139118132515916,0.00448007545390238,0.000707380334826692
59,0.0516332982086407,0.0539164032314717,0.0576044959606603,0.0607657182999649,0.0641903758342114,0.0709518791710572,0.0601510361784334,0.0597119775201967,0.087021426062522,0.0920266947664208,0.0893923428170004,0.0583948015454865,0.0547067088162979,0.0420618194590797,0.0351246926589392,0.0273094485423253,0.0178257815244117,0.0105374077976818,0.00500526870389884,0.00166842290129961
60,0.0691823899371069,0.0566037735849057,0.0628930817610063,0.0628930817610063,0.0628930817610063,0.0628930817610063,0.0566037735849057,0.0566037735849057,0.0628930817610063,0.0754716981132075,0.0817610062893082,0.0754716981132075,0.0628930817610063,0.050314465408805,0.0377358490566038,0.0251572327044025,0.0188679245283019,0.0125786163522013,0.00628930817610063,0
61,0.0566523605150215,0.0549356223175966,0.0540772532188841,0.0652360515021459,0.0841201716738197,0.0815450643776824,0.0892703862660944,0.0781115879828326,0.0695278969957082,0.0643776824034335,0.0626609442060086,0.0600858369098712,0.0515021459227468,0.0429184549356223,0.032618025751073,0.0240343347639485,0.0163090128755365,0.00858369098712446,0.00257510729613734,0.000858369098712446
62,0.0510291188466281,0.0539694584084226,0.0454329887128901,0.042966897467514,0.0577634449397705,0.0659205159821683,0.070662999146353,0.0873565398842834,0.0822346580669639,0.066299914635303,0.0635492744000759,0.0634544247367922,0.0686711562173954,0.0643080717063454,0.0464763350090107,0.0293085459546619,0.0224793701982358,0.0127098548800152,0.00493218249075216,0.000474248316418477
64,0.0520465772759351,0.0585744530698659,0.0582215949188426,0.0631616090331687,0.0679251940719831,0.0606916019760056,0.055045871559633,0.062985179957657,0.0668666196189132,0.0758645024700071,0.0689837685250529,0.0628087508821454,0.0575158786167961,0.0666901905434016,0.0479887085391673,0.0331686661961891,0.0209950599858857,0.0130557515878617,0.00582215949188426,0.0015878616796048
65,0.114994363021421,0.108229988726043,0.104847801578354,0.100338218714769,0.101465614430665,0.09695603156708,0.0732807215332582,0.068771138669673,0.0541149943630214,0.0462232243517475,0.0394588500563698,0.0293122886133033,0.020293122886133,0.0180383314543405,0.0124013528748591,0.00676437429537768,0.00338218714768884,0.00112739571589628,0,0
66,0.100912200684151,0.100627137970353,0.0981565944507792,0.0926453819840365,0.0896047130368681,0.0821930824781452,0.0745914101102242,0.0655644241733181,0.0591030026605853,0.0531166856708476,0.0471303686811098,0.0394336754085899,0.0305967312808818,0.0223299125807678,0.016153553781832,0.0124477385024705,0.00817179779551501,0.00446598251615355,0.00199543899657925,0.000760167236792094
68,0.0997336306758347,0.097131883788639,0.0933531561667596,0.0928575853311033,0.089326643127052,0.0839992566437465,0.0755745524375891,0.0679551508393731,0.0615127299758409,0.0542030601499102,0.0461500340704949,0.0390262033079353,0.0322121043176609,0.0224865266679056,0.0177786037291705,0.012389270891408,0.00792913337050115,0.00427429845753577,0.00167255157034009,0.000433624481199281
69,0.132406618145258,0.104681660219002,0.0945183922365747,0.0859178633095098,0.0872183244814548,0.091207133958429,0.0803772430223155,0.0669136450068848,0.0530238454309007,0.0470351670928682,0.042325093436496,0.0352873035647936,0.0268944112954342,0.0223482613161978,0.0131466789063012,0.00890651979105195,0.0050597775009289,0.00207636657705506,0.000557340502262147,9.83542062815553e-05
70,0.0848979591836735,0.0889795918367347,0.0964897959183673,0.104326530612245,0.0982857142857143,0.0819591836734694,0.0698775510204082,0.0646530612244898,0.0587755102040816,0.0520816326530612,0.0460408163265306,0.0390204081632653,0.0329795918367347,0.0259591836734694,0.0215510204081633,0.0166530612244898,0.0106122448979592,0.00489795918367347,0.00163265306122449,0.000326530612244898
71,0.151300236406619,0.130023640661939,0.111111111111111,0.099290780141844,0.091016548463357,0.0803782505910166,0.0602836879432624,0.0449172576832151,0.0460992907801418,0.049645390070922,0.0472813238770686,0.0366430260047281,0.0224586288416076,0.0118203309692671,0.008274231678487,0.00472813238770686,0.00354609929078014,0.00118203309692671,0,0
72,0.155891354246366,0.1469013006886,0.125095638867636,0.100229533282326,0.0910482019892885,0.0904743687834736,0.0786151491966335,0.0573833205814843,0.0390206579954093,0.029265493496557,0.0241009946442234,0.0200841622035195,0.0154934965570008,0.0124330527926549,0.00745983167559296,0.0040168324407039,0.00172149961744453,0.000573833205814843,0.000191277735271614,0
73,0.0549199084668192,0.0587337909992372,0.0472921434019832,0.041952707856598,0.061022120518688,0.0747520976353928,0.0701754385964912,0.0671243325705568,0.0717009916094584,0.0617848970251716,0.0694126620900076,0.068649885583524,0.064836003051106,0.049580472921434,0.0450038138825324,0.0411899313501144,0.0289855072463768,0.0167810831426392,0.0053394355453852,0.0007627765064836
74,0.146916188751383,0.13695542811148,0.130536271254653,0.118231210383338,0.0976355770198209,0.0772411711439783,0.0653285038736291,0.0509206157561123,0.0422778951604789,0.0332830264614146,0.0262199416440286,0.0220947781466948,0.0175269141764765,0.0142167220042258,0.00990039239360097,0.00595633363517457,0.0032297011771808,0.00121742630043264,0.000271657108361002,4.02454975349633e-05
77,0.098876404494382,0.098876404494382,0.0898876404494382,0.0865168539325843,0.0865168539325843,0.0797752808988764,0.0797752808988764,0.0696629213483146,0.0584269662921348,0.0561797752808989,0.0561797752808989,0.0471910112359551,0.0348314606741573,0.0258426966292135,0.0168539325842697,0.00898876404494382,0.00449438202247191,0.00112359550561798,0,0
78,0.0552425949482101,0.055787752135199,0.0523350899509359,0.0552425949482101,0.0634199527530438,0.0612393240050881,0.0645102671270216,0.0646919861893513,0.0545157186988915,0.0661457386879884,0.0679629293112848,0.0672360530619662,0.0670543339996366,0.0741413774304925,0.0436125749591132,0.0357986552789388,0.0265309831001272,0.0167181537343267,0.00654188624386698,0.00127203343630747
79,0.0610019417475728,0.0619339805825243,0.0619650485436893,0.0590757281553398,0.0567456310679612,0.0606135922330097,0.0620116504854369,0.0601631067961165,0.0673553398058252,0.0668271844660194,0.0669203883495146,0.0633009708737864,0.0611417475728155,0.0588893203883495,0.037778640776699,0.0340660194174757,0.0293902912621359,0.0194330097087379,0.00991067961165049,0.00147572815533981
80,0.122222222222222,0.114814814814815,0.103703703703704,0.0888888888888889,0.0777777777777778,0.0666666666666667,0.0666666666666667,0.0703703703703704,0.0666666666666667,0.0592592592592593,0.0481481481481481,0.037037037037037,0.0296296296296296,0.0185185185185185,0.0148148148148148,0.00740740740740741,0.0037037037037037,0.0037037037037037,0,0
81,0.0815602836879433,0.0602836879432624,0.0815602836879433,0.0815602836879433,0.0886524822695035,0.0851063829787234,0.074468085106383,0.0709219858156028,0.0709219858156028,0.074468085106383,0.0638297872340425,0.0531914893617021,0.0390070921985816,0.0283687943262411,0.0212765957446809,0.0141843971631206,0.00709219858156028,0.00354609929078014,0,0
83,0.138711549622751,0.12304120719675,0.109692396982008,0.102147417295415,0.094022054556007,0.0841555426581544,0.0713871154962275,0.0580383052814858,0.0475914103308183,0.0400464306442252,0.032501450957632,0.0261172373766686,0.0214741729541497,0.0174114915844457,0.0139291932675566,0.00986651189785258,0.00638421358096344,0.00290191526407429,0.000580383052814858,0
84,0.183827222501256,0.151180311401306,0.126569563033651,0.106479156202913,0.0894023103967855,0.0753390256152687,0.0642893018583626,0.0522350577599196,0.0376695128076344,0.0321446509291813,0.0246107483676544,0.0190858864892014,0.0140632847815168,0.00904068307383224,0.00753390256152687,0.00401808136614766,0.00200904068307383,0.000502260170768458,0,0
85,0.0687843921960981,0.0572786393196598,0.0475237618809405,0.0612806403201601,0.0755377688844422,0.0812906453226613,0.0737868934467234,0.0707853926963482,0.0667833916958479,0.0660330165082541,0.0727863931965983,0.0657828914457229,0.0522761380690345,0.036768384192096,0.0310155077538769,0.035767883941971,0.0190095047523762,0.0137568784392196,0.00325162581290645,0.000500250125062531
86,0.041948159809597,0.0420597240644098,0.0448736224913538,0.0498816179296154,0.0545053364901885,0.0631949523372711,0.0640998624040857,0.0586951940598232,0.0604678261085148,0.083660795081256,0.0856565556395731,0.0751199315739237,0.0635916252432721,0.051046844590993,0.0529062488378723,0.0518649824596199,0.0293785871006929,0.0185196662989178,0.00741282493089214,0.00111564254812758
87,0.147969793148736,0.127467075261756,0.112691984969538,0.101054321257889,0.0935026084418664,0.0821567983656196,0.0719784028309803,0.0606690744591587,0.0501623435846923,0.0413702528182117,0.0325416803473058,0.0257196016197877,0.0187515960745686,0.0144832366568166,0.00915690781073292,0.00594651782131261,0.00310094487614461,0.00109445113275692,0.000182408522126154,0
89,0.0486669101533966,0.0490321402483565,0.0483016800584368,0.0466581446311176,0.0549671292914536,0.0537801314828342,0.0714024835646457,0.0726807888970051,0.0760591672753835,0.0745982468955442,0.068845872899927,0.0649196493791088,0.056336742147553,0.0598977355734112,0.0433710737764792,0.0462929145361578,0.0367056245434624,0.0199050401753104,0.00620891161431702,0.00136961285609934
91,0.0934579439252336,0.0841121495327103,0.0841121495327103,0.0934579439252336,0.0934579439252336,0.102803738317757,0.0841121495327103,0.0654205607476635,0.0560747663551402,0.0467289719626168,0.0560747663551402,0.0373831775700935,0.0280373831775701,0.0186915887850467,0.0186915887850467,0.0186915887850467,0.00934579439252336,0.00934579439252336,0,0
92,0.0665236051502146,0.0772532188841202,0.0772532188841202,0.0686695278969957,0.055793991416309,0.0515021459227468,0.0493562231759657,0.0643776824034335,0.0708154506437768,0.0772532188841202,0.0772532188841202,0.0643776824034335,0.055793991416309,0.0450643776824034,0.0343347639484979,0.0257510729613734,0.01931330472103,0.0107296137339056,0.00643776824034335,0.00214592274678112
93,0.0818713450292398,0.0818713450292398,0.087719298245614,0.087719298245614,0.0818713450292398,0.0760233918128655,0.064327485380117,0.0584795321637427,0.064327485380117,0.064327485380117,0.064327485380117,0.0526315789473684,0.0409356725146199,0.0350877192982456,0.0233918128654971,0.0175438596491228,0.0116959064327485,0.00584795321637427,0,0
94,0.127822309245549,0.120663280915377,0.117726243651716,0.110016520834608,0.0970446062534418,0.0826653613167717,0.0735483081441596,0.0598421342470783,0.0476044789818271,0.0376919782169736,0.0304717616104754,0.0248424401884599,0.0215994615431683,0.0174386587529829,0.0122376552652512,0.00893348834363336,0.00593526280364682,0.00281466071100777,0.000917824144893838,0.000183564828978768
97,0.162277918781726,0.140228426395939,0.122858502538071,0.106995558375635,0.0915291878172589,0.0768559644670051,0.0636897208121827,0.0521097715736041,0.0423540609137056,0.0350571065989848,0.0299016497461929,0.0252220812182741,0.0203045685279188,0.0132455583756345,0.0092005076142132,0.00523477157360406,0.00222081218274112,0.000634517766497462,7.93147208121827e-05,0
96,0.156639566395664,0.133875338753388,0.117615176151762,0.104607046070461,0.0937669376693767,0.0813008130081301,0.0699186991869919,0.0547425474254743,0.0444444444444444,0.0357723577235772,0.029810298102981,0.0249322493224932,0.0211382113821138,0.0140921409214092,0.00975609756097561,0.0048780487804878,0.0021680216802168,0.000542005420054201,0,0
98,0.0875816993464052,0.0836601307189542,0.117647058823529,0.124183006535948,0.0941176470588235,0.0549019607843137,0.0522875816993464,0.0549019607843137,0.0640522875816993,0.0705882352941176,0.0627450980392157,0.0509803921568627,0.0326797385620915,0.0222222222222222,0.0130718954248366,0.00915032679738562,0.00392156862745098,0.00130718954248366,0,0
99,0.115571321882001,0.113144137415982,0.108663181478715,0.104648991784914,0.0973674383868559,0.0900858849887976,0.0810306198655713,0.0613330843913368,0.047890216579537,0.042849141150112,0.0371545929798357,0.0297796863330844,0.0241784914115011,0.0168035847647498,0.0135362210604929,0.00886855862584018,0.00457430918595967,0.00186706497386109,0.000560119492158327,9.33532486930545e-05
101,0.101102713418412,0.10618262916615,0.110519142609342,0.111634246066163,0.104448023788874,0.0913145830752075,0.0781811423615413,0.0641803989592368,0.0515425597819353,0.0438607359682815,0.0359311113864453,0.029240490645521,0.023417172593235,0.0166026514682196,0.0120183372568455,0.00892082765456573,0.00607111882046834,0.00322140998637096,0.0013629042250031,0.000247800768182381
102,0.0505078232226187,0.0336261323085369,0.0355476255833105,0.0496843261048586,0.0623112819105133,0.0661542684600604,0.0750754872357947,0.0772714795498216,0.0786439747460884,0.0815262146582487,0.0893494372769695,0.0835849574526489,0.0664287674993138,0.0489980785067252,0.0303321438374966,0.0281361515234697,0.0226461707384024,0.0133132034037881,0.00494098270656053,0.00192149327477354
103,0.0469812278031456,0.0498224251648909,0.0488077118214105,0.0506341958396753,0.0614916286149163,0.0660578386605784,0.06960933536276,0.0873668188736682,0.0765093860984272,0.0680872653475393,0.0579401319127347,0.0676813800101471,0.0709284627092846,0.0544901065449011,0.0464738711314054,0.0334855403348554,0.0244545915778792,0.0131912734652461,0.00527650938609843,0.000710299340436327
104,0.0701219512195122,0.0701219512195122,0.0640243902439024,0.0670731707317073,0.0762195121951219,0.0670731707317073,0.0731707317073171,0.0640243902439024,0.0640243902439024,0.0640243902439024,0.0670731707317073,0.0640243902439024,0.0548780487804878,0.0457317073170732,0.0304878048780488,0.0213414634146341,0.0182926829268293,0.0121951219512195,0.00609756097560976,0
105,0.0943622608926471,0.0968442939935409,0.0966802997966472,0.094085377667194,0.0901525679965706,0.0860511875468146,0.0794914196710658,0.069631936001074,0.0617983527354995,0.0542469920413235,0.0475171278590291,0.0402563801370229,0.0327401065733451,0.0221498952725431,0.0153384153736551,0.0100646671070356,0.005424775480503,0.00230049533875099,0.000712421301854584,0.00015102721388352
106,0.0965359796864444,0.0890038126742299,0.0913877047079926,0.0890542859583324,0.0815648271095891,0.0775580248639163,0.0831217337961345,0.0771930641942523,0.0718079530365504,0.0637011670976309,0.0535055637089322,0.043278899837709,0.0305518671232558,0.0207445197661146,0.0147304338372897,0.00955109837631328,0.00443388388038608,0.00185198127052904,0.000380490910926301,4.27081634713195e-05
107,0.0866536886282045,0.0808388532133286,0.0686024169489811,0.0692597461697932,0.0895863882287506,0.115765788542246,0.114350002528189,0.0851746978813774,0.0635839611670122,0.0563154168984174,0.0481999292106993,0.0394903170349396,0.0315770844920868,0.0186580371138191,0.0127673560196187,0.00992314304495121,0.00602973150629519,0.00245234363149113,0.00068261111392021,8.84866258785458e-05
108,0.157244446885039,0.136569561516707,0.11600450289668,0.104719804508388,0.0908541775349386,0.0794321957112655,0.0683671508195821,0.0597182943905988,0.050163367288103,0.0402515032536174,0.0268526399604624,0.0199610115043519,0.0193020510145246,0.0111199582658356,0.00911562010927761,0.00582081766014113,0.00304769226545125,0.00112572417012163,0.000274566870761374,5.49133741522748e-05
109,0.0753147002346917,0.0757414124173245,0.066567100490719,0.0573927885641135,0.053979091103051,0.0629400469383401,0.0776616172391722,0.0817153829741839,0.0787283976957542,0.0661403883080862,0.0646468956688713,0.0554725837422658,0.0522722423725197,0.0456582035417111,0.0330701941540431,0.0243225944100704,0.0153616385747813,0.00832088756133988,0.00384040964369533,0.000853424365265628
111,0.103174603174603,0.091889880952381,0.0833333333333333,0.0773809523809524,0.0708085317460317,0.0699404761904762,0.0693204365079365,0.0678323412698413,0.0622519841269841,0.052703373015873,0.0481150793650794,0.045014880952381,0.0460069444444444,0.0385664682539683,0.0240575396825397,0.0192212301587302,0.015625,0.00979662698412698,0.0040922619047619,0.000868055555555556
112,0.042997440230212,0.0471298790383296,0.0470294959093875,0.0468454601729936,0.0490371584882301,0.0516638503622158,0.0565658931588898,0.0664369008381991,0.07826537953188,0.0811932207926921,0.0785999899616871,0.0684278328955513,0.0620200431647454,0.0609325592678724,0.0489200448377976,0.0458416288835723,0.0339796891469107,0.0217998695019324,0.0102223486306068,0.00209131518629436
113,0.0730659025787966,0.078080229226361,0.0848853868194842,0.0977793696275072,0.0949140401146132,0.0870343839541547,0.0741404011461318,0.0633954154727794,0.0612464183381089,0.0587392550143266,0.0540830945558739,0.0451289398280802,0.0365329512893983,0.0279369627507163,0.0214899713467049,0.0171919770773639,0.0125358166189112,0.0075214899713467,0.00322349570200573,0.00107449856733524
114,0.0416475646963972,0.0426751189591666,0.0442954929889182,0.047117315079754,0.0483108588772784,0.054088875539466,0.0589341891016014,0.0659689836697915,0.0765923138941145,0.0681584646758461,0.0621512243704254,0.0595586259228228,0.0674312724283479,0.0747190034304504,0.0614161278593673,0.0497810518993945,0.0390470619852348,0.0246296852522251,0.0105838089065242,0.00289296046287367
116,0.129049249407427,0.117987885172505,0.108243350013168,0.0995522781143008,0.0903344745851988,0.0836186462997103,0.0801948907031867,0.06860679483803,0.0603107716618383,0.04793257835133,0.0356860679483803,0.0240979720832236,0.0165920463523835,0.0136950223860943,0.0113247300500395,0.00750592573084014,0.00368712141164077,0.00131682907558599,0.000263365815117198,0
117,0.110531093962778,0.0918633681343622,0.0647980027235588,0.0642873354516568,0.0855083976395824,0.0957784838856105,0.0772809804811621,0.0687131184748071,0.0645710394916024,0.0573082160689968,0.0632660009078529,0.049364502950522,0.0394348615524285,0.0211643213799365,0.0169655015887426,0.018213799364503,0.00663867453472537,0.00346118928733545,0.000737630503858375,0.000113481615978212
118,0.155606705463389,0.140862503257188,0.122600538521671,0.103057413358812,0.0915269695127248,0.0872926257274386,0.0746764527056371,0.0578259358985495,0.0423651524363763,0.0314644315122036,0.0256883522974029,0.0216494397637453,0.0173499522279163,0.0118127334317728,0.00712238339268653,0.00488578129071484,0.00282289585685747,0.00108572917571441,0.000260575002171458,4.34291670285764e-05
119,0.132743362831858,0.123893805309735,0.0973451327433628,0.106194690265487,0.0884955752212389,0.0884955752212389,0.0707964601769911,0.0530973451327434,0.0442477876106195,0.0530973451327434,0.0442477876106195,0.0353982300884956,0.0265486725663717,0.0176991150442478,0.00884955752212389,0.00884955752212389,0,0,0,0
166,0.0694466528859914,0.06797583081571,0.0742566385752902,0.077635554142153,0.0798616632214978,0.074773413897281,0.0725870567657815,0.0595086659246303,0.0875735411035141,0.0870965177293687,0.0611384957862935,0.062967085387184,0.0298139608840833,0.0353394816346001,0.0293766894577834,0.0191206869136588,0.00814914930831611,0.00270313245349022,0.000596279217681666,7.95038956908888e-05
213,0.0454762378206403,0.0451779677868364,0.0492742095844104,0.0648637900178962,0.0700536886060847,0.065002982700338,0.0740306223901372,0.0767548220322132,0.0837542254921456,0.0837343408232253,0.0818651819447206,0.0746271624577451,0.0541459534698747,0.0420759594352754,0.0338437065022867,0.0273613044342812,0.0169417379200636,0.0077351362099821,0.00274408431099622,0.000536886060847087
121,0.0893912150012844,0.0765476496275366,0.057282301566915,0.057282301566915,0.0770613922424865,0.115335217056255,0.140765476496275,0.119188286668379,0.091189314153609,0.0678140251733881,0.0431543796557924,0.0305676855895196,0.0146416645260724,0.00976110968404829,0.00488055484202415,0.00308245568969946,0.00179809915232469,0.000256871307474955,0,0
122,0.131291028446389,0.101329742467598,0.0812994445379566,0.087527352297593,0.0959434438646692,0.0991415586601582,0.0738932839589295,0.0607641811142905,0.0565561353307524,0.0504965494024575,0.0518431240531897,0.0392189867025753,0.0284463894967177,0.013802390170005,0.00908937889244235,0.0100993098804915,0.00656455142231947,0.00218818380743982,0.000504965494024575,0
123,0.123346074683916,0.117024404586886,0.107468391649515,0.110702734489856,0.111290796824463,0.0923257865333725,0.0710085269038518,0.0566009997059688,0.0479270802705087,0.0402822699206116,0.0344016465745369,0.0279329608938547,0.0217583063804763,0.0152896206997942,0.0105851220229344,0.00690973243163775,0.00352837400764481,0.0013231402528668,0.000294031167303734,0
124,0.0481988838153222,0.054287163876205,0.0466768138001015,0.0405885337392187,0.0634195839675292,0.0745814307458143,0.067478437341451,0.0644342973110096,0.069507864028412,0.0659563673262303,0.0755961440892948,0.0725520040588534,0.0629122272957889,0.0481988838153222,0.0517503805175038,0.0436326737696601,0.0289193302891933,0.0157280568239472,0.00507356671740233,0.000507356671740233
125,0.0787764866712235,0.0750170881749829,0.0861244019138756,0.0951811346548189,0.0996240601503759,0.0929596719070403,0.0821941216678059,0.0669856459330144,0.0574162679425837,0.0565618591934381,0.0529733424470267,0.0416951469583049,0.0331510594668489,0.0271701982228298,0.0220437457279563,0.0170881749829118,0.010082023239918,0.0037593984962406,0.00102529049897471,0.000170881749829118
126,0.130271790065604,0.11668228678538,0.113870665417057,0.117150890346767,0.111059044048735,0.101218369259606,0.0838800374882849,0.0571696344892221,0.0356138706654171,0.0257731958762887,0.0224929709465792,0.0224929709465792,0.021087160262418,0.0159325210871603,0.0103092783505155,0.00796626054358013,0.00468603561387067,0.00187441424554827,0.000468603561387067,0
127,0.155604883462819,0.141398446170921,0.125860155382908,0.105882352941176,0.0867924528301887,0.0765815760266371,0.0672586015538291,0.0559378468368479,0.0457269700332963,0.0368479467258602,0.0297447280799112,0.0237513873473918,0.0182019977802442,0.0126526082130966,0.0095449500554939,0.00532741398446171,0.00221975582685905,0.000665926748057714,0,0
128,0.103360407708234,0.10351966873706,0.0914158305462653,0.0818601688166906,0.0774008600095557,0.084726867335563,0.085363911450868,0.0858416945373467,0.0767638158942507,0.062111801242236,0.0447523491001752,0.0328077719382067,0.0245261984392419,0.0167224080267559,0.0129001433349259,0.00875935658544354,0.00477783086478739,0.00191113234591495,0.000477783086478739,0
130,0.0527777777777778,0.0461805555555556,0.0461805555555556,0.0555555555555556,0.071875,0.0659722222222222,0.0579861111111111,0.0597222222222222,0.0697916666666667,0.0694444444444444,0.0822916666666667,0.0722222222222222,0.0614583333333333,0.0454861111111111,0.0475694444444444,0.0420138888888889,0.0322916666666667,0.0159722222222222,0.00451388888888889,0.000694444444444444
131,0.0563380281690141,0.0528169014084507,0.0545774647887324,0.0598591549295775,0.0633802816901408,0.0704225352112676,0.0792253521126761,0.073943661971831,0.0774647887323944,0.0827464788732394,0.073943661971831,0.0633802816901408,0.051056338028169,0.0422535211267606,0.0316901408450704,0.0264084507042254,0.0211267605633803,0.0123239436619718,0.00528169014084507,0.00176056338028169
132,0.0560271646859083,0.0390492359932088,0.033955857385399,0.0509337860780985,0.0764006791171477,0.100169779286927,0.098471986417657,0.0764006791171477,0.0797962648556876,0.0780984719864177,0.0848896434634974,0.0764006791171477,0.0577249575551783,0.0390492359932088,0.0203735144312394,0.0135823429541596,0.0101867572156197,0.0067911714770798,0.00169779286926995,0
133,0.0553683196918633,0.0539239287433799,0.0601829561868079,0.065479056331247,0.0727010110736639,0.0751083293211363,0.0794415021665864,0.0755897929706307,0.071738083774675,0.0722195474241695,0.0674049109292248,0.065479056331247,0.0621088107847858,0.0433317284545017,0.0327395281656235,0.0250361097737121,0.0144439094848339,0.00625902744342802,0.00144439094848339,0
134,0.155560140292965,0.137322054879307,0.124200536414277,0.111574169589437,0.0938724984526511,0.0773674437796575,0.0608211264699814,0.0559521353414483,0.046379203631112,0.0369300598308232,0.029750361048071,0.0237260160924283,0.0181968227769754,0.011512275634413,0.00779863833298948,0.00507530431194553,0.00268207138436146,0.000990303280379616,0.000247575820094904,4.1262636682484e-05
135,0.171594539645658,0.151786232936393,0.128202149288411,0.110601219866396,0.0954981121115306,0.0815567818762707,0.0637815858263143,0.0498983444670346,0.0357827476038339,0.0255591054313099,0.0195759512053442,0.0168457740342724,0.0149288411269242,0.0142317746151612,0.0101655532965437,0.00604124310194598,0.00284635492303224,0.000929422015683996,0.000174266627940749,0
136,0.0816656226303122,0.0768190959744156,0.0865780884243843,0.0914575846493686,0.0959084764762125,0.0964030200125284,0.0909630411130527,0.0709505126767993,0.0634993900629719,0.058191289439847,0.0521248887277043,0.0436517094721572,0.0332662952095216,0.0248920246612377,0.0153308496257954,0.0105172925389865,0.00517622234677393,0.00197817414526392,0.000560482674491444,6.59391381754641e-05
137,0.102209944751381,0.0911602209944751,0.0828729281767956,0.0883977900552486,0.104972375690608,0.110497237569061,0.0966850828729282,0.069060773480663,0.0580110497237569,0.0497237569060773,0.0441988950276243,0.0331491712707182,0.0220994475138122,0.0138121546961326,0.0138121546961326,0.0110497237569061,0.00552486187845304,0.00276243093922652,0,0
138,0.185852272727273,0.159261363636364,0.130170454545455,0.105681818181818,0.0865340909090909,0.0710227272727273,0.0603977272727273,0.0503409090909091,0.0401704545454545,0.0300568181818182,0.0224431818181818,0.0179545454545455,0.0148863636363636,0.0104545454545455,0.00789772727272727,0.00426136363636364,0.00193181818181818,0.000568181818181818,0.000113636363636364,0
139,0.0455635491606715,0.0479616306954436,0.052757793764988,0.0623501199040767,0.0671462829736211,0.0623501199040767,0.0647482014388489,0.079136690647482,0.0671462829736211,0.0623501199040767,0.0671462829736211,0.0671462829736211,0.0623501199040767,0.0695443645083933,0.0503597122302158,0.0383693045563549,0.0167865707434053,0.0119904076738609,0.00479616306954436,0
141,0.0503778337531486,0.0554156171284635,0.0654911838790932,0.0604534005037783,0.0604534005037783,0.0554156171284635,0.035264483627204,0.0377833753148615,0.0604534005037783,0.0831234256926952,0.0931989924433249,0.0806045340050378,0.0705289672544081,0.0579345088161209,0.0377833753148615,0.0403022670025189,0.0302267002518892,0.0151133501259446,0.00755667506297229,0.00251889168765743
142,0.147811116576488,0.133300541072307,0.119035907525824,0.104525332021643,0.0907525823905558,0.0782095425479587,0.0678799803246434,0.059026069847516,0.0496802754549926,0.0405804230201672,0.0327102803738318,0.0255779636005903,0.0186915887850467,0.0135268076733891,0.00934579439252336,0.00565666502705362,0.00270536153467782,0.00073782587309395,0.000245941957697983,0
143,0.0556426332288401,0.0634796238244514,0.0744514106583072,0.0768025078369906,0.0822884012539185,0.0736677115987461,0.0713166144200627,0.0799373040752351,0.0689655172413793,0.0689655172413793,0.0744514106583072,0.0626959247648903,0.0517241379310345,0.0391849529780564,0.0235109717868339,0.0156739811912226,0.0101880877742947,0.00470219435736677,0.00156739811912226,0.000783699059561128
144,0.146443514644351,0.146443514644351,0.125523012552301,0.104602510460251,0.0794979079497908,0.0711297071129707,0.0669456066945607,0.0627615062761506,0.0543933054393305,0.0376569037656904,0.0292887029288703,0.0209205020920502,0.0167364016736402,0.0125523012552301,0.00836820083682008,0.00836820083682008,0.00418410041841004,0.00418410041841004,0,0
145,0.0914688398094563,0.0913901027518602,0.0932246761938506,0.0938073304200622,0.0894610448407543,0.0831227117042636,0.0774457698515807,0.0732018424471478,0.067745364355734,0.0579740955080509,0.0467698122121176,0.0386047793393961,0.0312034959253573,0.0216054486043857,0.016700129916145,0.0112987677650486,0.00788945317113499,0.00459037045785599,0.00198417385142317,0.000511790874375025
146,0.113207547169811,0.113207547169811,0.113207547169811,0.122641509433962,0.113207547169811,0.0943396226415094,0.0754716981132075,0.0377358490566038,0.0283018867924528,0.0377358490566038,0.0377358490566038,0.0377358490566038,0.0283018867924528,0.0188679245283019,0.00943396226415094,0.00943396226415094,0.00943396226415094,0,0,0
147,0.0547911547911548,0.0530712530712531,0.0493857493857494,0.0597051597051597,0.0815724815724816,0.104668304668305,0.0882063882063882,0.0749385749385749,0.0651105651105651,0.0592137592137592,0.0751842751842752,0.0685503685503686,0.0660933660933661,0.0297297297297297,0.0265356265356265,0.0211302211302211,0.014004914004914,0.00638820638820639,0.00147420147420147,0.000245700245700246
149,0.114227779655289,0.0939506590064211,0.0740114903683677,0.0773910104765123,0.0915849949307198,0.104765123352484,0.0865157147685029,0.0760392024332545,0.0692801622169652,0.0594795539033457,0.0527205136870564,0.0361608651571477,0.023318688746198,0.0148698884758364,0.0114903683676918,0.00777289624873268,0.00439337614058804,0.00168976005407232,0.000337952010814464,0
150,0.0590111642743222,0.0637958532695375,0.0637958532695375,0.0685805422647528,0.0685805422647528,0.0669856459330144,0.0749601275917065,0.0685805422647528,0.0669856459330144,0.0637958532695375,0.0685805422647528,0.0637958532695375,0.0653907496012759,0.0446570972886762,0.0318979266347687,0.0318979266347687,0.0191387559808612,0.00797448165869218,0.00159489633173844,0
152,0.0995142100823225,0.0897693225121447,0.082962445821334,0.0865404194665038,0.0903220176280653,0.0859877243505832,0.0818279663728656,0.0693196032230852,0.0607673735346307,0.0563458126072665,0.0539023184105652,0.0462809436541874,0.0347907030863659,0.0209733251883527,0.0170753701602816,0.0125083631497804,0.00715594729033947,0.00314163539575879,0.000727230415684906,8.72676498821887e-05
153,0.172135249124312,0.150260919293731,0.130638358710415,0.109907784687969,0.0900707698906284,0.0731646293516334,0.060940739152191,0.0478232897276431,0.0364214740152977,0.030059332332547,0.0257345056830367,0.0216598756165559,0.0176924726570877,0.0136535849596111,0.00968618200014297,0.00593323325470012,0.00293087425834584,0.00103652870112231,0.000214454214025306,3.57423690042176e-05
154,0.0846954488951557,0.0925434609176423,0.0982578526503275,0.0924506948180857,0.0857529824301007,0.0801870164567061,0.0786470992040669,0.0746024972634001,0.0679233380953264,0.0607432419896473,0.0516336110131913,0.0437484925508822,0.035214011391677,0.0213733093378356,0.0147683630494072,0.00972188723352938,0.00525056123490232,0.00200374775042209,0.000426724057960259,5.56596597339468e-05
155,0.13739837398374,0.11869918699187,0.110569105691057,0.108130081300813,0.102439024390244,0.0865853658536585,0.0707317073170732,0.0605691056910569,0.0508130081300813,0.0410569105691057,0.0329268292682927,0.025609756097561,0.0191056910569106,0.0142276422764228,0.0101626016260163,0.00609756097560976,0.0032520325203252,0.00121951219512195,0.00040650406504065,0
157,0.0984532285784434,0.110097856967486,0.118094770439479,0.114201536249167,0.0950159587527621,0.0797236154466697,0.0680439128757322,0.0602925186770019,0.0533127564799551,0.0457016590088036,0.0391778611763881,0.0317772087966048,0.0306548349759742,0.0228683665953492,0.0160289011258812,0.00978569674862334,0.00462979201010136,0.00175370909473537,0.000350741818947073,3.50741818947073e-05
158,0.052298782649805,0.0543670960879329,0.0586219123035102,0.058681006973171,0.0605129417326557,0.0608084150809597,0.0593310483394398,0.0591537643304574,0.0675452074222905,0.0776503959342867,0.0765866918803924,0.0694953315210968,0.0628176338494268,0.0622266871528188,0.0437300555489895,0.0322656896347949,0.0234605838553362,0.0135917740219832,0.00573218295709727,0.00112279872355514
159,0.0766283524904215,0.0727969348659004,0.0727969348659004,0.0766283524904215,0.0842911877394636,0.0766283524904215,0.0689655172413793,0.0689655172413793,0.0727969348659004,0.0689655172413793,0.0651340996168582,0.053639846743295,0.0421455938697318,0.0344827586206897,0.0268199233716475,0.0191570881226054,0.0114942528735632,0.00766283524904215,0,0
160,0.0682420494699647,0.0686837455830389,0.0653710247349823,0.0680212014134276,0.071113074204947,0.0627208480565371,0.0611749116607774,0.058083038869258,0.0700088339222615,0.0675795053003534,0.0724381625441696,0.0633833922261484,0.0547703180212014,0.0507950530035336,0.0364399293286219,0.0256183745583039,0.017226148409894,0.0123674911660777,0.00485865724381625,0.00110424028268551
161,0.099671052631579,0.101480263157895,0.0993421052631579,0.0991776315789474,0.0972039473684211,0.0927631578947368,0.0842105263157895,0.0703947368421053,0.0577302631578947,0.0463815789473684,0.0391447368421053,0.0350328947368421,0.0268092105263158,0.015625,0.0134868421052632,0.00986842105263158,0.00641447368421053,0.00345394736842105,0.00148026315789474,0.000328947368421053
162,0.208291457286432,0.164824120603015,0.131507537688442,0.102361809045226,0.0761809045226131,0.0610552763819096,0.051105527638191,0.0446733668341709,0.0365326633165829,0.0298492462311558,0.0290452261306533,0.0225125628140704,0.0162814070351759,0.0118592964824121,0.00773869346733668,0.00402010050251256,0.00165829145728643,0.000452261306532663,5.0251256281407e-05,0
163,0.170738132742051,0.145376311037689,0.12377403226072,0.103368221159915,0.0869305115722573,0.0750701141034999,0.065169069664056,0.0545655120936538,0.0439674429070872,0.0349006328106562,0.0285341075613464,0.02282618837231,0.017409153526561,0.0129141671651949,0.00832587827862329,0.00420959040191435,0.00152577070630012,0.000345768181643551,4.39070706848954e-05,5.48838383561193e-06
169,0.0604490500863558,0.0606409518326617,0.0585300326232969,0.0627518710420265,0.0683170216848973,0.0685089234312032,0.0673575129533679,0.0646708885050854,0.0727307618499328,0.0729226635962387,0.0642870850124736,0.0612166570715794,0.0543081942045673,0.0577624256380733,0.0372289387833429,0.0260986374976012,0.0203415851084245,0.0136250239877183,0.0067165611207062,0.00153521397044713
170,0.0857079252003562,0.0681211041852182,0.0512021371326803,0.0547640249332146,0.107747105966162,0.164959928762244,0.151380231522707,0.0972840605520926,0.0665627782724844,0.0512021371326803,0.0327248441674087,0.0244879786286732,0.0178094390026714,0.0104630454140695,0.00779162956366874,0.00400712377560107,0.00200356188780053,0.00111308993766696,0.000445235975066785,0.000222617987533393
171,0.130548468712618,0.116394778908144,0.103156791548014,0.102198744481966,0.0969691837015551,0.0888760678784286,0.0734732117336947,0.060753945989435,0.0506388744799551,0.043927251939913,0.0374855763632322,0.0295459597937817,0.0211140869970253,0.0170490033134666,0.013142711961297,0.00826249430994146,0.00431915141378106,0.0016673194795846,0.000418153139324392,5.82238548426368e-05
173,0.150632097707307,0.132633383329762,0.118920077137347,0.113563316905935,0.103706878080137,0.0820655667452325,0.0655667452324834,0.0552817655881723,0.0449967859438612,0.0374973216198843,0.0295693164773945,0.0205699592886222,0.0154274694664667,0.0124276837368759,0.00835654596100279,0.00514248982215556,0.00257124491107778,0.000857081637025927,0.000214270409256482,0
174,0.0936863543788187,0.0906313645621181,0.0873217922606925,0.0873217922606925,0.0819755600814664,0.0791751527494908,0.0753564154786151,0.0723014256619145,0.0682281059063136,0.0605906313645621,0.0519348268839104,0.0422606924643585,0.0330957230142566,0.0254582484725051,0.0193482688391039,0.0137474541751527,0.00916496945010183,0.00509164969450102,0.00254582484725051,0.000763747454175153
175,0.130725817036356,0.12442577766111,0.116288226801418,0.106575666097913,0.0908255676597979,0.0784879905499409,0.0723192019950125,0.0652316576978606,0.0586691166819793,0.043969024806405,0.0345189657435359,0.0271689198057488,0.0206063787898674,0.0136500853130332,0.00853130332064575,0.00472502953143457,0.00223126394539966,0.000787504921905762,0.000262501640635254,0
177,0.101521313450821,0.100918813074258,0.0989606868504293,0.103178189486368,0.0982075613797259,0.0911281819551137,0.0798312998945624,0.0634131646332279,0.0506100316312698,0.0462419039011899,0.0408194005121253,0.03524627202892,0.0298237686398554,0.0218406386503992,0.0156650097906311,0.0111462569664106,0.00647687904804941,0.00346437716523573,0.00120500075312547,0.000301250188281368
178,0.096258048065277,0.0925607190667432,0.0901702046280359,0.0885127812838656,0.0895646076368968,0.0864091285778033,0.0778988971760056,0.0723210301523555,0.0630777076560209,0.0564480142793396,0.0483202651877351,0.0388857015363039,0.0314272964875374,0.0237139032319755,0.0174666921654873,0.0127494103397718,0.00812774909160451,0.00436667304137184,0.00137056161152547,0.000350608784343724
179,0.111767626613704,0.105779543197617,0.101936444885799,0.100536246276068,0.0951340615690169,0.0813207547169811,0.0718768619662363,0.065948361469712,0.0586991062562066,0.0531678252234359,0.0447269116186693,0.0364051638530288,0.026901688182721,0.0194041708043694,0.0120854021847071,0.00839126117179742,0.00422045680238332,0.00140019860973188,0.000268123138033764,2.97914597815293e-05
181,0.0516473269788645,0.052087650227932,0.0457418151678409,0.0514142146705346,0.0644167012018235,0.0756319933692499,0.0858371322005802,0.0797762121840033,0.0687422295897223,0.059029216742644,0.0625,0.0765903439701616,0.0713582677165354,0.0535899295482802,0.0315219643597182,0.0299160795690012,0.022326978864484,0.0125621632822213,0.00461044343141318,0.000699336924989639
182,0.0424154589371981,0.0472463768115942,0.0509178743961353,0.0526570048309179,0.0521739130434783,0.0546859903381643,0.0635748792270531,0.0740096618357488,0.0786473429951691,0.0728502415458937,0.0730434782608696,0.0672463768115942,0.0627053140096618,0.0578743961352657,0.048695652173913,0.0421256038647343,0.0323671497584541,0.0191304347826087,0.0063768115942029,0.001256038647343
183,0.0600380331431676,0.0619396903015485,0.0671013311600109,0.0747079597935344,0.076066286335235,0.071719641401793,0.0706329801684325,0.0706329801684325,0.0668296658516707,0.0649280086932899,0.063026351534909,0.056506384134746,0.0516164085846237,0.0467264330345015,0.034773159467536,0.026079869600652,0.0179299103504482,0.0111382776419451,0.00570497147514262,0.00190165715838087
184,0.0590604026845638,0.0501118568232662,0.0460850111856823,0.0492170022371365,0.0966442953020134,0.174944071588367,0.171812080536913,0.116778523489933,0.0917225950782998,0.061744966442953,0.0366890380313199,0.0228187919463087,0.010738255033557,0.00447427293064877,0.00357941834451902,0.00268456375838926,0.000447427293064877,0.000447427293064877,0,0
186,0.0754936120789779,0.0789779326364692,0.0813008130081301,0.0778164924506388,0.0731707317073171,0.0650406504065041,0.0569105691056911,0.0615563298490128,0.0685249709639954,0.0789779326364692,0.0720092915214866,0.0580720092915215,0.0487804878048781,0.0348432055749129,0.0255516840882695,0.0197444831591173,0.0127758420441347,0.00580720092915215,0.00348432055749129,0.00116144018583043
187,0.0473579006714161,0.0538157962175183,0.0540208087745374,0.0540208087745374,0.0507406078622316,0.0651427399928246,0.0631438675618882,0.0778535185280098,0.0793398595663984,0.0830300855927426,0.0564297063195121,0.0710368510071242,0.0709855978678694,0.0548921121418687,0.0380810824663011,0.0388498795551228,0.0252165445133514,0.0121469940033827,0.003485213469325,0.000410025114038235
188,0.0638963827369625,0.0553359683794466,0.0482952367010338,0.0440847397369137,0.0623209318861493,0.0877581892074646,0.0831921701486919,0.074415654125799,0.0694383448006636,0.0593861318499,0.0766115258868882,0.0750291040146113,0.0666150811078347,0.0407247073913741,0.0277516364472886,0.0345344403315418,0.0176436553248147,0.010477445260054,0.00220284278255293,0.000285811880014779
189,0.146007408045482,0.1417004048583,0.122835730898441,0.105779998277199,0.0871737445085709,0.0945817899905246,0.077870617624257,0.054440520285985,0.0399689895770523,0.0301490223102765,0.0315272633301749,0.0225686967008356,0.0174864329399604,0.0115427685416487,0.00792488586441554,0.00387630286846412,0.00335946248600224,0.000689120509949177,0.000430700318718236,8.61400637436472e-05
194,0.0756756756756757,0.0756756756756757,0.0810810810810811,0.0864864864864865,0.0864864864864865,0.0756756756756757,0.0756756756756757,0.0702702702702703,0.0702702702702703,0.0702702702702703,0.0594594594594595,0.0486486486486487,0.0378378378378378,0.027027027027027,0.0216216216216216,0.0162162162162162,0.0108108108108108,0.00540540540540541,0.00540540540540541,0
196,0.0810810810810811,0.0810810810810811,0.0810810810810811,0.0900900900900901,0.0900900900900901,0.0810810810810811,0.0720720720720721,0.0720720720720721,0.0630630630630631,0.0630630630630631,0.0630630630630631,0.0540540540540541,0.036036036036036,0.027027027027027,0.018018018018018,0.018018018018018,0.00900900900900901,0,0,0
197,0.124352331606218,0.129533678756477,0.119170984455959,0.10880829015544,0.0880829015544041,0.0621761658031088,0.0569948186528497,0.0518134715025907,0.0518134715025907,0.0518134715025907,0.0414507772020725,0.0362694300518135,0.0259067357512953,0.0155440414507772,0.0155440414507772,0.0103626943005181,0.00518134715025907,0.00518134715025907,0,0
199,0.157068062827225,0.141361256544503,0.130890052356021,0.104712041884817,0.0890052356020942,0.0837696335078534,0.06282722513089,0.06282722513089,0.0418848167539267,0.0366492146596859,0.0261780104712042,0.0209424083769634,0.0157068062827225,0.0104712041884817,0.00523560209424084,0.00523560209424084,0.00523560209424084,0,0,0
200,0.100221940393152,0.098287888395688,0.087285986049461,0.0802473050095117,0.0760304375396322,0.0870640456563094,0.092136968928345,0.0949270767279645,0.089283449587825,0.0651870640456563,0.0468928344958782,0.0322447685478757,0.0215599239061509,0.0111921369689283,0.00767279644895371,0.00510462904248573,0.0028852251109702,0.0012999365884591,0.000412175015852885,6.34115409004439e-05
201,0.171944205724863,0.143518212467773,0.122165664044424,0.104515105440603,0.0918225689165069,0.0795927811198519,0.0661730680240629,0.0541416011105969,0.042440669002446,0.032458517881933,0.025649500892444,0.020360944007404,0.01586567065512,0.011568718186025,0.00885833278244199,0.00555298472929199,0.002512064520394,0.000727176571692999,0.000132213922126,0
202,0.0509604519774011,0.0529943502824859,0.0589830508474576,0.0627118644067797,0.0636158192090396,0.0675706214689265,0.0646327683615819,0.0702824858757062,0.0706214689265537,0.0671186440677966,0.0633898305084746,0.0628248587570621,0.0735593220338983,0.0621468926553672,0.0377401129943503,0.0338983050847458,0.0236158192090395,0.0105084745762712,0.00259887005649718,0.000225988700564972
203,0.0816326530612245,0.0816326530612245,0.0714285714285714,0.0714285714285714,0.0714285714285714,0.0816326530612245,0.0816326530612245,0.0816326530612245,0.0816326530612245,0.0714285714285714,0.0612244897959184,0.0510204081632653,0.0408163265306122,0.0204081632653061,0.0204081632653061,0.0102040816326531,0.0102040816326531,0.0102040816326531,0,0
204,0.155562441896498,0.142702200185931,0.125193678339015,0.108304927176945,0.0920359466997211,0.0797954756740006,0.0677099473194918,0.0554694762937713,0.0443136039665324,0.03470715835141,0.0278896808180973,0.0223117446544778,0.017353579175705,0.0130151843817787,0.00821196157421754,0.00387356678029129,0.00123954136969321,0.000309885342423303,0,0
205,0.0480185647982863,0.0508746876115673,0.0565869332381292,0.0637272402713317,0.0680114244912531,0.0642627632988218,0.0708675473045341,0.0774723313102463,0.082470546233488,0.0801499464476973,0.0828275615851482,0.076401285255266,0.061763655837201,0.0460549803641557,0.026419136022849,0.020528382720457,0.0130310603355944,0.00660478400571225,0.00303463048911103,0.000892538379150304
207,0.0521562845558422,0.0516033910799853,0.0475488389237007,0.0525248802064136,0.0665315149281238,0.0759307040176926,0.0823811279026908,0.0873571691854036,0.0766678953188352,0.0643199410246959,0.0676373018798378,0.0700331736085514,0.0669001105786952,0.0482860302248433,0.0352008846295614,0.024511610762993,0.0175082934021379,0.00903059343899742,0.00350165868042757,0.000368595650571323
208,0.0536750483558994,0.0502901353965184,0.0440038684719536,0.0454545454545455,0.0507736943907157,0.0633462282398453,0.0720502901353965,0.0768858800773694,0.0705996131528046,0.074468085106383,0.0739845261121857,0.0730174081237911,0.0720502901353965,0.0493230174081238,0.0449709864603482,0.0357833655705996,0.0280464216634429,0.0154738878143133,0.00531914893617021,0.000483558994197292
209,0.14065180102916,0.133790737564322,0.121783876500858,0.108061749571184,0.0891938250428816,0.0737564322469983,0.0686106346483705,0.0634648370497427,0.0548885077186964,0.039451114922813,0.0308747855917667,0.0240137221269297,0.0171526586620926,0.0137221269296741,0.0102915951972556,0.00514579759862779,0.00343053173241852,0.00171526586620926,0,0
210,0.182736881142221,0.154830335620248,0.12951974782125,0.111440756536251,0.0877062859262006,0.0701835712961246,0.0566475060263304,0.0460782495827925,0.0381049508622288,0.0316150565547932,0.0256814389022807,0.0207676617837938,0.0164101613202299,0.012052660856666,0.00788058594474319,0.00500648989430744,0.0023178193955127,0.000834414982384573,0.000185425551641016,0
211,0.0985483841368299,0.101154319061863,0.0926942063827054,0.096841680277477,0.0966214604246573,0.098236406012002,0.0850415664972197,0.0645060652217797,0.0570185902259089,0.0512745223981942,0.0450716632104384,0.0357673744288048,0.0269035253528106,0.018571874254464,0.0127727514635444,0.00937769539924024,0.00548714466609165,0.00346846268191077,0.000550549632049329,9.17582720082215e-05
214,0.158534608526503,0.139244610147512,0.123115577889447,0.109823310098882,0.0938563786675312,0.0780515480628951,0.0625709191116875,0.052439617442049,0.0435240719727671,0.0363105851839844,0.0287728967417734,0.022450964499919,0.0166963851515643,0.0141838223374939,0.0102934024963527,0.00607878100178311,0.00283676446749878,0.000972604960285297,0.000243151240071324,0
215,0.0464954892435808,0.0528495836224844,0.0494882026370576,0.0453461138098543,0.0484472588480222,0.0534134281748786,0.0661433032616239,0.0839044066620402,0.085704371963914,0.0803695350451076,0.0765093684941013,0.0676613462873005,0.0559507286606523,0.0510496183206107,0.0429389312977099,0.0347414989590562,0.0311415683553088,0.0186285565579459,0.00754684247050659,0.00166984732824427
217,0.0793183354253162,0.0844356473882398,0.0820218209906343,0.0765182968040938,0.0741044704064884,0.0699526890026069,0.0732354929033504,0.0748768948537221,0.0658974606546297,0.0639181230085932,0.0607801486917061,0.0556628367287825,0.0463454668340253,0.0396833059766342,0.0245727527276238,0.0135174278265907,0.00868977503137974,0.00458627015545042,0.00154484889446751,0.000337935695664768
218,0.147919876733436,0.134450022366917,0.122645260698842,0.1069884189075,0.0922262537899498,0.0777871663601571,0.067771758039664,0.0581042795367563,0.047890054177643,0.0384213927133555,0.0302947462597545,0.0237586361151151,0.0184402803320245,0.0136935235349669,0.00936925294497738,0.00579054624981361,0.00295740344947562,0.00114319797206621,0.000298225557930315,4.97042596550524e-05
219,0.0880733944954128,0.0899082568807339,0.0899082568807339,0.0880733944954128,0.0788990825688073,0.0825688073394495,0.0770642201834862,0.0642201834862385,0.0678899082568807,0.0642201834862385,0.0623853211009174,0.0458715596330275,0.0330275229357798,0.0238532110091743,0.018348623853211,0.0128440366972477,0.0073394495412844,0.0036697247706422,0.0018348623853211,0
221,0.134421134421134,0.124320124320124,0.114996114996115,0.114219114219114,0.116550116550117,0.104118104118104,0.0745920745920746,0.0481740481740482,0.034965034965035,0.0295260295260295,0.0264180264180264,0.0233100233100233,0.0194250194250194,0.0147630147630148,0.0101010101010101,0.00621600621600622,0.00310800310800311,0.000777000777000777,0,0
222,0.0603580562659847,0.0594373401534527,0.0530946291560102,0.0516624040920716,0.0714066496163683,0.0672122762148338,0.0624040920716113,0.0612787723785166,0.0644501278772378,0.0722250639386189,0.0620971867007673,0.05923273657289,0.0559590792838875,0.0653708439897698,0.0492071611253197,0.0338618925831202,0.0245524296675192,0.0165728900255754,0.0078772378516624,0.00173913043478261
223,0.0509884281581485,0.0488187078109932,0.0479749276759884,0.0524349083895853,0.0614754098360656,0.0671407907425265,0.0713596914175506,0.0672613307618129,0.0709980713596914,0.0816055930568949,0.0784715525554484,0.0660559305689489,0.0552073288331726,0.0536403085824494,0.0436354869816779,0.032907425265188,0.0251928640308582,0.0163934426229508,0.00699132111861138,0.00144648023143684
224,0.118467275576933,0.126574069069881,0.12619575204021,0.115332648759661,0.0844727881965087,0.0743663189753013,0.0709074204183105,0.0602604982975734,0.0486948062476355,0.0424795979030428,0.0377776576771334,0.0300491812138572,0.0237258822893585,0.0150245906069286,0.01124142031022,0.0075122953034643,0.00464789493595633,0.00178349456844836,0.000432362319623845,5.40452899529806e-05
225,0.0416613199880234,0.0419179605628983,0.0526540912784978,0.0645023311518884,0.0691646349287822,0.0665126823217417,0.083065999401172,0.0850763505710253,0.0761794773086958,0.0785320159117156,0.0804995936524231,0.0741263527096967,0.0645451045810343,0.0371273364985671,0.0299841738312161,0.0232259720261773,0.0166388639377219,0.0101800761367039,0.00363574147739424,0.000769921724624663
226,0.13863020157963,0.110927737828598,0.0987858069079335,0.10244017446658,0.0998467523281858,0.0990215725568785,0.0726158198750442,0.0565837557467877,0.050689614523164,0.0457385358953201,0.043734527879288,0.0308853000117883,0.0200400801603206,0.00954850878227042,0.00789814923965578,0.00660143817045856,0.00330071908522928,0.00200400801603206,0.000589414122362372,0.000117882824472474
227,0.17575882253932,0.149969142151821,0.126236651642947,0.103626264704232,0.0882347440668774,0.0749191150343177,0.0634736586186905,0.0523274298217725,0.0410315872155,0.0316994258570066,0.0248545940790335,0.0201417590843635,0.015690748256064,0.0126797703428026,0.00892072338276823,0.00579753511249088,0.00306708309176937,0.00127171737951413,0.000261824166370556,3.74034523386509e-05
228,0.0559054654619301,0.0593931188745328,0.061821232009889,0.0647938311210525,0.067074785884569,0.0683992112311269,0.0739765135238544,0.081349147953027,0.0832474909497601,0.0828060158342408,0.0762427524501869,0.0671483650704889,0.0531830355828943,0.0372457839126468,0.0261647585131118,0.0202784236395209,0.012376019071725,0.0061217882685346,0.0020160696942049,0.000456190952703299
229,0.172297297297297,0.125844594594595,0.126689189189189,0.107263513513514,0.0903716216216216,0.0717905405405405,0.0599662162162162,0.0396959459459459,0.0439189189189189,0.0371621621621622,0.0304054054054054,0.0228040540540541,0.0160472972972973,0.0295608108108108,0.0152027027027027,0.00675675675675676,0.00337837837837838,0.000844594594594595,0,0
230,0.158773610730906,0.141390637831919,0.122091431699973,0.103750342184506,0.091294826170271,0.0814399124007665,0.069805639200657,0.0573501231864221,0.0451683547768957,0.0350396934026827,0.0276485080755543,0.0217629345743225,0.0168354776895702,0.0124555160142349,0.00821242814125376,0.00451683547768957,0.00177935943060498,0.000547495209416918,0.000136873802354229,0
232,0.121495327102804,0.121495327102804,0.121495327102804,0.102803738317757,0.0934579439252336,0.0654205607476635,0.0654205607476635,0.0560747663551402,0.0560747663551402,0.0467289719626168,0.0373831775700935,0.0373831775700935,0.0186915887850467,0.0186915887850467,0.0186915887850467,0.00934579439252336,0.00934579439252336,0,0,0
233,0.0706401766004415,0.0706401766004415,0.0662251655629139,0.0632818248712288,0.0713760117733628,0.0853568800588668,0.0934510669610007,0.0757910228108904,0.0676968359087564,0.0625459896983076,0.0713760117733628,0.0596026490066225,0.0478292862398823,0.036055923473142,0.0257542310522443,0.0161883738042678,0.00956585724797645,0.00441501103752759,0.00147167034584253,0.000735835172921266
234,0.0872811305661719,0.0760821260332415,0.0703048617900631,0.0735045773709004,0.0825704381832726,0.0903919651586526,0.0858590347524665,0.075104435161319,0.0658608123722336,0.0659496933605902,0.059905786152342,0.0505732823749,0.0407963736556751,0.0254199626699849,0.0191982934850236,0.0155541729624033,0.0103101946493645,0.00399964447604657,0.00115545284863568,0.000177761976713181
235,0.0867072597150012,0.0847877763229817,0.0852072660709065,0.0850928597760179,0.0808089796229677,0.0811013512654607,0.0812411811814357,0.0765886585226334,0.0685929296909759,0.0594531379104326,0.0524870657327723,0.0457116707132597,0.0368388269541231,0.0262498887716577,0.020046525226588,0.0147202766089974,0.00964826420227033,0.00372456048915047,0.000877114927479121,0.000114406294888581
236,0.0982691233947515,0.0926856504745952,0.0913828401265587,0.0871021775544389,0.103108133258887,0.0991997022147776,0.0824492834543086,0.0703517587939698,0.0614182021217197,0.0541596873255165,0.0506234878094175,0.040573236553136,0.0269867857807556,0.015819839940443,0.00893355667225014,0.00911967243625535,0.00465289410013028,0.00241950493206775,0.000558347292015634,0.000186115764005211
239,0.186467167123568,0.159539852937409,0.134918398196305,0.111116804591222,0.0918500678947503,0.0744792600753247,0.0604391381209808,0.0477312905126694,0.0358689247008788,0.0259281084266352,0.018856806128462,0.0150905690348697,0.0128615715713151,0.00999205759524481,0.00719940560067639,0.00409930568010043,0.00243396274755963,0.00089672311752197,0.000204965284005022,2.56206605006277e-05
240,0.0549085229808121,0.0533913431503793,0.0409861668897814,0.0472333779562695,0.0618250780901383,0.0800758589915216,0.0814145470771977,0.0752565818830879,0.0707050423917894,0.0631414547077198,0.0760374832663989,0.0693217313699241,0.0726684515841142,0.0401383311021865,0.0371932173136992,0.042012494422133,0.0180499776885319,0.0122489959839357,0.00301204819277108,0.000379294957608211
241,0.0536318951392682,0.0471873293282359,0.0385581649371928,0.0467504096122337,0.0802839978154014,0.135335882031677,0.149863462588749,0.143528126706718,0.123211359912616,0.0793009284543965,0.05199344620426,0.0268705625341344,0.0121245221190606,0.00644456581103222,0.00262151829601311,0.00120152921900601,0.000764609503003823,0.000218459858001092,0.000109229929000546,0
242,0.0627221861572228,0.0614393026059538,0.0536338063000402,0.0584562119385452,0.0653343225447464,0.0685492596370831,0.0672045503724999,0.0622121240223809,0.0656434511113172,0.0729234288540604,0.0718878481560481,0.0601409626263563,0.0524745741753996,0.0566014405391202,0.0415932486321061,0.0324894123465949,0.0237410739126403,0.0142199140622585,0.00703267488948654,0.0017002071161396
244,0.0612399052539307,0.0641369963506599,0.0641680810190798,0.0644105414327545,0.0723930842829699,0.0683551858552325,0.0684857414625958,0.0613145084581383,0.0646405679790614,0.0641090201490821,0.0713268801561694,0.0687872627462683,0.0589582905919143,0.0498256150101647,0.0355235590701954,0.0249330125395552,0.0184580761077022,0.0120546344132147,0.00539629843768457,0.00148273868362646
245,0.0702214452214452,0.0713869463869464,0.0728438228438228,0.0751748251748252,0.0763403263403263,0.0708041958041958,0.0655594405594406,0.0693473193473193,0.0652680652680653,0.0585664335664336,0.0585664335664336,0.0547785547785548,0.0469114219114219,0.0407925407925408,0.0337995337995338,0.0270979020979021,0.0212703962703963,0.0134032634032634,0.00611888111888112,0.00174825174825175
246,0.10689193710271,0.0949481431917029,0.0833723653395785,0.088859150217464,0.0994981599197056,0.100568752091,0.0831716293074607,0.0673469387755102,0.05898293743727,0.0509869521579123,0.0501840080294413,0.0410839745734359,0.0276012044161927,0.0159919705587153,0.00966878554700569,0.0106724657075945,0.00575443292070927,0.00321177651388424,0.000970224155235865,0.000234192037470726
247,0.133079847908745,0.125475285171103,0.106463878326996,0.0988593155893536,0.0874524714828897,0.0874524714828897,0.0760456273764259,0.0608365019011407,0.0494296577946768,0.0456273764258555,0.0380228136882129,0.026615969581749,0.0228136882129278,0.0152091254752852,0.0152091254752852,0.00760456273764259,0.00380228136882129,0,0,0
249,0.0951615495900981,0.0939720302202218,0.0919466323742164,0.089374698601511,0.0879279858543642,0.0855810962867706,0.0768365214595724,0.0691528693136152,0.0610834271017521,0.0592187751165408,0.0541392059154477,0.0416974762899855,0.0313454428548465,0.0234688956759363,0.0166211220061083,0.0109628677061566,0.00639768525960457,0.00324706638804051,0.00138241440282913,0.000482237582382254
250,0.0828587943140949,0.0772927727350574,0.0708062168179483,0.0746382085973626,0.0942263230005138,0.0927384826168865,0.084913940743278,0.0764899811611577,0.0710738140092482,0.0642768453502312,0.0585181537934578,0.0495161842781298,0.0354726836787121,0.0202731632128789,0.0146643260832334,0.0124058057886624,0.0102436204829594,0.00579080321972941,0.00284723411543072,0.000952646001027573
251,0.0666666666666667,0.0666666666666667,0.0666666666666667,0.0666666666666667,0.0666666666666667,0.0476190476190476,0.0476190476190476,0.0571428571428571,0.0571428571428571,0.0666666666666667,0.0761904761904762,0.0761904761904762,0.0666666666666667,0.0666666666666667,0.0476190476190476,0.0285714285714286,0.019047619047619,0.00952380952380952,0,0
253,0.0874125874125874,0.0874125874125874,0.0821678321678322,0.0769230769230769,0.0856643356643357,0.0909090909090909,0.0944055944055944,0.0926573426573427,0.0839160839160839,0.0699300699300699,0.0541958041958042,0.0402097902097902,0.0262237762237762,0.013986013986014,0.00699300699300699,0.00524475524475524,0.00174825174825175,0,0,0
254,0.146269657896698,0.134754416039353,0.12159946336737,0.112543787731982,0.108407244540508,0.0900722963404636,0.0710665573526124,0.0540731907281807,0.0371916225683834,0.0292911977342178,0.0253037191622568,0.0227323544756652,0.0188566743683387,0.0130058880524707,0.00782589252440933,0.00395021241708281,0.00204963851829768,0.000782589252440933,0.000186330774390698,3.72661548781397e-05
255,0.17585738958796,0.15346656797434,0.129842092277325,0.108438193930422,0.0920305946212682,0.078953861337281,0.0645201085615593,0.0526770293609672,0.0387984209227733,0.0274488033555391,0.0197384653343203,0.0157290895632865,0.0134468295090057,0.0113496175672341,0.00838884776708611,0.00530471255859857,0.00271403898346904,0.000986923266716013,0.000246730816679003,6.16827041697508e-05
256,0.160546048836762,0.137858104210729,0.117605588668846,0.106966608985452,0.102095750817151,0.0946612830865859,0.0804973402550792,0.0575530346728193,0.0367877972184836,0.0249951932320708,0.0198038838684868,0.0167275523937704,0.0142921233096199,0.00986989681471512,0.00865218227263988,0.00583221175414984,0.00333269243094277,0.00147407549830161,0.00038454143433955,6.40902390565917e-05
