data_id,type,date,longitude,latitude,country,ISO,ID_0,ID_1,FOI,population
1,serology,1993,146.259,-20.08,Australia,AUS,15,7,0.002946913,4404819
2,serology,2014-2016,90.74920167,22.58495667,Bangladesh,BGD,20,1,0.001084883,6383673
3,serology,2014-2016,90.01959167,22.26684667,Bangladesh,BGD,20,1,0.003200637,6383673
4,serology,2014-2016,89.92668833,22.14467167,Bangladesh,BGD,20,1,0.00248199,6383673
5,serology,2014-2016,90.23453333,22.12925667,Bangladesh,BGD,20,1,0.002170406,6383673
6,serology,2014-2016,91.81983333,22.37256667,Bangladesh,BGD,20,2,0.042164313,22309197
7,serology,2014-2016,91.05164167,22.86283,Bangladesh,BGD,20,2,0.001683356,22309197
8,serology,2014-2016,91.02952,22.83834333,Bangladesh,BGD,20,2,0.002020025,22309197
9,serology,2014-2016,91.81024167,22.338445,Bangladesh,BGD,20,2,0.030619509,22309197
10,serology,2014-2016,90.96718167,23.33085833,Bangladesh,BGD,20,2,0.002575348,22309197
11,serology,2014-2016,90.97755667,23.25756333,Bangladesh,BGD,20,2,0.003561601,22309197
12,serology,2014-2016,91.18109,22.9525,Bangladesh,BGD,20,2,0.001862109,22309197
13,serology,2014-2016,91.460713,23.042815,Bangladesh,BGD,20,2,0.000837863,22309197
14,serology,2014-2016,91.05295833,22.89805,Bangladesh,BGD,20,2,0.002410556,22309197
15,serology,2014-2016,91.04909833,23.05107333,Bangladesh,BGD,20,2,0.002556951,22309197
16,serology,2014-2016,92.05017667,22.01031,Bangladesh,BGD,20,2,0.001566272,22309197
17,serology,2014-2016,91.95263667,22.01035167,Bangladesh,BGD,20,2,0.003133537,22309197
18,serology,2014-2016,90.897755,23.67188,Bangladesh,BGD,20,2,0.001200718,22309197
19,serology,2014-2016,90.91304333,23.50959,Bangladesh,BGD,20,2,0.001804305,22309197
20,serology,2014-2016,92.18755333,21.47397333,Bangladesh,BGD,20,2,0.0005646,22309197
21,serology,2014-2016,91.460713,23.042815,Bangladesh,BGD,20,2,0.001234335,22309197
22,serology,2014-2016,91.460713,23.042815,Bangladesh,BGD,20,2,0.000794906,22309197
23,serology,2014-2016,91.43743667,22.51457333,Bangladesh,BGD,20,2,0.001266388,22309197
24,serology,2014-2016,90.23523167,24.69175833,Bangladesh,BGD,20,3,0.001169674,37094977
25,serology,2014-2016,90.74592667,24.137055,Bangladesh,BGD,20,3,0.001900258,37094977
26,serology,2012,90.3549177,23.8008764,Bangladesh,BGD,20,3,0.013636394,37094977
27,serology,2014-2016,89.84156,23.519344,Bangladesh,BGD,20,3,0.004949919,37094977
28,serology,2014-2016,89.91429333,24.23648333,Bangladesh,BGD,20,3,0.001754079,37094977
29,serology,2014-2016,90.40344167,23.70024167,Bangladesh,BGD,20,3,0.006458165,37094977
30,serology,2014-2016,90.77405,24.99593667,Bangladesh,BGD,20,3,0.001070406,37094977
31,serology,2014-2016,90.05272,23.40852833,Bangladesh,BGD,20,3,0.008938815,37094977
32,serology,2014-2016,90.32598167,23.22770833,Bangladesh,BGD,20,3,0.002683207,37094977
33,serology,2014-2016,90.58979667,24.40633167,Bangladesh,BGD,20,3,0.000436661,37094977
34,serology,2014-2016,90.45772333,23.688015,Bangladesh,BGD,20,3,0.004432751,37094977
35,serology,2014-2016,90.32300333,24.78174667,Bangladesh,BGD,20,3,0.000967233,37094977
36,serology,2014-2016,90.41652167,23.73216333,Bangladesh,BGD,20,3,0.032658995,37094977
37,serology,2014-2016,90.53530667,24.443525,Bangladesh,BGD,20,3,0.00102902,37094977
38,serology,2014-2016,90.62275333,23.960455,Bangladesh,BGD,20,3,0.004371774,37094977
39,serology,2014-2016,90.46253333,25.14391167,Bangladesh,BGD,20,3,0.000667156,37094977
40,serology,2014-2016,89.96959,24.33281,Bangladesh,BGD,20,3,0.004096179,37094977
41,serology,2014-2016,90.38939344,23.80062931,Bangladesh,BGD,20,3,0.004669197,37094977
42,serology,2014-2016,90.623085,23.49929167,Bangladesh,BGD,20,3,0.001372163,37094977
43,serology,2014-2016,89.16704,23.53363333,Bangladesh,BGD,20,4,0.005000412,12825373
44,serology,2014-2016,89.21284833,23.17025167,Bangladesh,BGD,20,4,0.003689496,12825373
45,serology,2014-2016,89.54696,22.85466667,Bangladesh,BGD,20,4,0.019122931,12825373
46,serology,2014-2016,89.50371167,22.507365,Bangladesh,BGD,20,4,0.018405013,12825373
47,serology,2014-2016,89.169655,22.926855,Bangladesh,BGD,20,4,0.010057998,12825373
48,serology,2014-2016,89.14181167,23.87654833,Bangladesh,BGD,20,4,0.001099721,12825373
49,serology,2014-2016,89.26026333,23.73295167,Bangladesh,BGD,20,4,0.00128298,12825373
50,serology,2014-2016,89.24914333,23.09006833,Bangladesh,BGD,20,4,0.008696062,12825373
51,serology,2014-2016,88.26558167,24.524835,Bangladesh,BGD,20,5,0.006880253,14861769
52,serology,2014-2016,89.375795,24.280285,Bangladesh,BGD,20,5,0.004753609,14861769
53,serology,2014-2016,89.49739333,23.88138167,Bangladesh,BGD,20,5,0.002728149,14861769
54,serology,2014-2016,89.48232167,23.90453167,Bangladesh,BGD,20,5,0.002410556,14861769
55,serology,2014-2016,88.73620667,24.74171833,Bangladesh,BGD,20,5,0.000586525,14861769
56,serology,2014-2016,89.26721833,24.03011833,Bangladesh,BGD,20,5,0.001546954,14861769
57,serology,2014-2016,88.60402667,24.38138,Bangladesh,BGD,20,5,0.00102902,14861769
58,serology,2014-2016,88.61873,24.48793833,Bangladesh,BGD,20,5,0.001900258,14861769
59,serology,2014-2016,89.17454667,26.00450167,Bangladesh,BGD,20,6,0.000852238,13058785
60,serology,2014-2016,89.39329167,25.78172833,Bangladesh,BGD,20,6,0.00057173,13058785
61,serology,2014-2016,88.21617167,26.061985,Bangladesh,BGD,20,6,0.000794906,13058785
62,serology,2014-2016,88.50055,26.477633,Bangladesh,BGD,20,6,0.000954455,13058785
63,serology,2014-2016,89.81218167,25.42468333,Bangladesh,BGD,20,6,0.000967233,13058785
64,serology,2014-2016,89.51247667,25.47036167,Bangladesh,BGD,20,6,0.000702096,13058785
65,serology,2014-2016,89.45551,25.63079333,Bangladesh,BGD,20,6,0.001610949,13058785
66,serology,2014-2016,89.49432667,25.55482333,Bangladesh,BGD,20,6,0.000873146,13058785
67,serology,2014-2016,88.65499333,26.28850167,Bangladesh,BGD,20,6,0.000766103,13058785
68,serology,2014-2016,89.158015,25.40948,Bangladesh,BGD,20,6,0.000579036,13058785
69,serology,2014-2016,88.49313167,26.46725167,Bangladesh,BGD,20,6,0.00055764,13058785
70,serology,2014-2016,91.717515,24.483815,Bangladesh,BGD,20,7,0.000303091,8127772
71,serology,2014-2016,91.324555,24.323034,Bangladesh,BGD,20,7,0.000579036,8127772
72,serology,2014-2016,91.66201167,24.52363333,Bangladesh,BGD,20,7,0.00042109,8127772
73,serology,2004_2005,-66.887,-9.826,Brazil,BRA,33,1,0.002094144,608055
74,caseReport,1995_2012,-70.8119953,-9.0237964,Brazil,BRA,33,1,0.000611412,608055
75,caseReport,1995_2012,-45.2744159,-4.9609498,Brazil,BRA,33,10,0.061597436,4934713
76,serology,1996,-44.298,-2.532,Brazil,BRA,33,10,0.003283897,4934713
77,caseReport,1995_2012,-54.7851531,-20.7722295,Brazil,BRA,33,11,0.006845665,2041041
78,caseReport,1995_2012,-56.921099,-12.6818712,Brazil,BRA,33,12,0.040605063,2805425
79,caseReport,1995_2012,-44.5550308,-18.512178,Brazil,BRA,33,13,0.031041908,15051589
80,caseReport,1995_2012,-54.9306152,-1.9981271,Brazil,BRA,33,14,0.029546727,6093177
81,caseReport,1995_2012,-36.7819505,-7.2399609,Brazil,BRA,33,15,0.036536659,2496899
82,caseReport,1995_2012,-36.954107,-8.8137173,Brazil,BRA,33,17,0.04775553,5969313
83,serology,2005_2006,-34.88,-8.05,Brazil,BRA,33,17,0.014483871,5969313
84,caseReport,1995_2012,-42.7289236,-7.7183401,Brazil,BRA,33,18,0.037093385,2482565
85,serology,1991,-43.103,-22.882,Brazil,BRA,33,19,0.026263567,10936850
86,serology,1994,-43.709,-22.611,Brazil,BRA,33,19,0.013267407,10936850
87,caseReport,1995_2012,-43.1728965,-22.9068467,Brazil,BRA,33,19,0.027338036,10936850
88,caseReport,1995_2012,-36.7819505,-9.5713058,Brazil,BRA,33,2,0.029525804,1955730
89,caseReport,1995_2012,-36.954107,-5.4025803,Brazil,BRA,33,20,0.055083679,2289382
90,caseReport,1995_2012,-51.2176986,-30.0346316,Brazil,BRA,33,21,0.004695102,7751230
91,caseReport,1995_2012,-63.580611,-11.5057341,Brazil,BRA,33,22,0.034574108,1289566
92,caseReport,1995_2012,-62.0750998,2.7375971,Brazil,BRA,33,23,0.003130106,484331
93,serology,1998,-47.063,-22.907,Brazil,BRA,33,24,0.001967349,30401614
94,caseReport,1995_2012,-46.6333094,-23.5505199,Brazil,BRA,33,24,0.019752318,30401614
95,caseReport,1995_2012,-50.2188556,-27.2423392,Brazil,BRA,33,25,0.014600992,4385331
96,caseReport,1995_2012,-37.3856581,-10.5740934,Brazil,BRA,33,26,0.056182791,1446125
97,caseReport,1995_2012,-48.2982474,-10.17528,Brazil,BRA,33,27,0.045465307,1146346
98,caseReport,1995_2012,-41.7007272,-12.579738,Brazil,BRA,33,5,0.04964147,9900554
99,caseReport,1995_2012,-39.3206241,-5.4983977,Brazil,BRA,33,6,0.044892328,5691986
100,caseReport,1995_2012,-47.8644715,-15.7997654,Brazil,BRA,33,7,0.002411934,1814217
101,caseReport,1995_2012,-40.3088626,-19.1834229,Brazil,BRA,33,8,0.01451203,2048911
102,caseReport,1995_2012,-49.8362237,-15.8270369,Brazil,BRA,33,9,0.006887772,4543696
103,serology,2006,11.516976,3.862676,Cameroon,CMR,41,2,0.001494035,3391657
104,serology,2006,9.700263,4.048061,Cameroon,CMR,41,5,0.009033245,2324854
105,serology,2006,13.398213,9.302217,Cameroon,CMR,41,7,0.002476331,1919267
106,caseReport,2007_2012,-71.5723953,5.7589269,Colombia,COL,53,10,0.03004445,255609
107,caseReport,2007_2012,-76.8259652,2.7049813,Colombia,COL,53,11,0.022379989,861968
108,caseReport,2007_2012,-73.6536209,9.3372948,Colombia,COL,53,12,0.033299607,623073
109,caseReport,2007_2012,-76.8259652,5.2528033,Colombia,COL,53,13,0.006645929,279886
110,caseReport,2007_2012,-74.0300122,5.026003,Colombia,COL,53,14,0.026771683,7280506
111,caseReport,2007_2012,-72.331113,2.043924,Colombia,COL,53,16,0.003795399,114061
112,caseReport,2007_2012,-75.5276699,2.5359349,Colombia,COL,53,17,0.039043945,674653
113,caseReport,2007_2012,-72.5204827,11.3547743,Colombia,COL,53,18,0.037329031,628763
114,caseReport,2007_2012,-74.4056612,10.4113014,Colombia,COL,53,19,0.029953101,720112
115,caseReport,2007_2012,-75.3412179,7.1986064,Colombia,COL,53,2,0.017801604,4246747
116,caseReport,2007_2012,-73.087749,3.2719904,Colombia,COL,53,20,0.032238911,594995
117,caseReport,2007_2012,-77.35794,1.289151,Colombia,COL,53,21,0.021549025,1149209
118,caseReport,2007_2012,-72.8988069,7.9462831,Colombia,COL,53,22,0.051520987,869008
119,caseReport,2007_2012,-75.5276699,0.4359506,Colombia,COL,53,23,0.010309026,207421
120,caseReport,2007_2012,-75.667356,4.4610191,Colombia,COL,53,24,0.025422932,389861
121,caseReport,2007_2012,-75.9927652,5.3158475,Colombia,COL,53,25,0.027065635,665586
122,caseReport,2007_2012,-73.6536209,6.6437076,Colombia,COL,53,27,0.030587844,1363571
123,serology,,-73.6536209,6.6437076,Colombia,COL,53,27,0.02927219,1363571
124,caseReport,2007_2012,-74.723283,8.813977,Colombia,COL,53,28,0.049575755,649092
125,caseReport,2007_2012,-75.1545381,4.0925168,Colombia,COL,53,29,0.035560039,951368
126,caseReport,2007_2012,-70.710457,7.076172,Colombia,COL,53,3,0.024234788,177380
127,caseReport,2007_2012,-76.6412712,3.8008893,Colombia,COL,53,30,0.032256955,2587383
128,caseReport,2007_2012,-69.2877535,4.4234452,Colombia,COL,53,32,0.003661819,114729
129,caseReport,2007_2012,-74.8741045,10.6966159,Colombia,COL,53,4,0.0434263,1562651
130,caseReport,2007_2012,-74.0300122,8.6704382,Colombia,COL,53,5,0.038181687,1385865
131,caseReport,2007_2012,-73.362003,5.454511,Colombia,COL,53,6,0.020203642,870610
132,caseReport,2007_2012,-75.57405,8.049293,Colombia,COL,53,7,0.040441619,1117778
133,caseReport,2007_2012,-75.2479061,5.29826,Colombia,COL,53,8,0.036548763,770542
134,caseReport,2007_2012,-73.8419063,0.869892,Colombia,COL,53,9,0.022105537,390207
135,serology,2002_2003,-84.09,9.8,Costa Rica,CRI,56,7,0.027929953,1064448
136,serology,1997_1998,-75.829,20.029,Cuba,CUB,59,15,0.003544864,633005
137,serology,1983,-82.386,23.1,Cuba,CUB,59,4,0.010392585,1478484
138,serology,2002,-69.8372,18.47,Dominican Republic,DOM,66,31,0.029221119,1488294
139,serology,2000_2001,-89.188,13.958,El Salvador,SLV,70,10,0.030566373,1100858
140,serology,1988_1989,92.659,11.74,India,IND,105,1,0.00051202,196754
141,serology,2011-2012,77.5945627,12.9715987,India,IND,105,16,0.031964328,41948715
142,serology,2011-2012,78.6021946,20.745319,India,IND,105,20,0.038480534,78292697
143,serology,2011,74.0623244,18.6485712,India,IND,105,20,0.010633251,78292697
144,serology,2012,74.0667302,18.7080717,India,IND,105,20,0.005863384,78292697
145,serology,2011-2012,72.8776559,19.0759837,India,IND,105,20,0.051196284,78292697
146,serology,2011-2012,77.238805,28.634769,India,IND,105,25,0.034972811,10995773
147,serology,2011-2012,77.2295097,28.612912,India,IND,105,25,0.030281851,10995773
148,serology,2011,80.2,13.04,India,IND,105,31,0.04,49205861
149,serology,2011-2012,78.4842132,17.6302223,India,IND,105,32,0.028833618,24918448
150,serology,2011-2012,78.4842132,17.6302223,India,IND,105,32,0.028972725,24918448
151,serology,2011-2012,88.4345078,22.9750855,India,IND,105,36,0.009706683,65102231
152,serology,1995,110.369,-7.797,Indonesia,IDN,106,34,0.030243635,2347364
153,serology,2014,106.8650395,-6.17511,Indonesia,IDN,106,8,0.037386521,7374567
154,serology,2004,40.116891,-3.219186,Kenya ,KEN,118,14,0.002926113,779350
155,serology,2009-2011,39.4518732,-4.1744387,Kenya,KEN,118,19,0.00576066,501727
156,serology,2007,37.906193,-0.023559,Kenya,KEN,118,26,0.00152246,1177678
157,serology,2004,36.701831,1.093143,Kenya ,KEN,118,37,0.000189204,182454
158,serology,2004,34.111462,0.460769,Kenya ,KEN,118,4,0.000149489,642647
159,serology,2006,102.614,17.963,Laos,LAO,123,13,0.009974932,622245
160,serology,2007_2008,105.219,17.638,Laos,LAO,123,6,0.00515844,316690
161,serology,2010,103.82,1.49,Singapore,SGP,136,1,0.005814561,2044193
162,serology,2009-2010,103.82,1.49,Singapore,SGP,136,1,0.005072187,2044193
163,serology,2007,103.82,1.49,Singapore,SGP,136,1,0.006796112,2044193
164,serology,2004_2007,103.82,1.49,Singapore,SGP,136,1,0.005776101,2044193
165,serology,1982_1984,103.82,1.49,Singapore,SGP,136,1,0.014016693,2044193
166,serology,2015,102.8207542,2.50346,Malaysia,MYS,136,1,0.007823431,2044193
167,serology,2006,45.166,-12.828,Mayotte,MYT,144,7,0.002643261,7652
168,caseReport,2000_2009,-104.6587821,24.5592665,Mexico,MEX,145,10,0.000980207,988780
169,caseReport,2000_2009,-101.2573586,21.0190145,Mexico,MEX,145,11,0.002327883,4135054
170,caseReport,2000_2009,-99.5450974,17.4391926,Mexico,MEX,145,12,0.018986129,2282180
171,caseReport,2000_2009,-98.7623874,20.0910963,Mexico,MEX,145,13,0.004505247,2192187
172,caseReport,2000_2009,-103.3494376,20.6595382,Mexico,MEX,145,14,0.024025835,5474288
173,caseReport,2000_2009,-101.7068294,19.5665192,Mexico,MEX,145,16,0.016473931,3292133
174,serology,,-99.1013498,18.6813049,Mexico,MEX,145,17,0.01363131,1411639
175,caseReport,2000_2009,-99.1013498,18.6813049,Mexico,MEX,145,17,0.00840059,1411639
176,caseReport,2000_2009,-104.8454619,21.7513844,Mexico,MEX,145,18,0.007700298,788276
177,caseReport,2000_2009,-99.9961947,25.592172,Mexico,MEX,145,19,0.004368227,3426789
178,caseReport,2000_2009,-111.6660725,26.0444446,Mexico,MEX,145,2,0.002779428,513539
179,caseReport,2000_2009,-96.7132304,17.0542297,Mexico,MEX,145,20,0.01461612,2884245
180,caseReport,2000_2009,-98.2062727,19.0414398,Mexico,MEX,145,21,0.003977957,4723116
181,caseReport,2000_2009,-100.3898881,20.5887932,Mexico,MEX,145,22,0.003330267,1508130
182,caseReport,2000_2009,-88.4791376,19.1817393,Mexico,MEX,145,23,0.01343723,835695
183,caseReport,2000_2009,-100.9855409,22.1564699,Mexico,MEX,145,24,0.021730724,1940124
184,caseReport,2000_2009,-107.4795173,25.1721091,Mexico,MEX,145,25,0.010567486,2032768
185,caseReport,2000_2009,-110.3308814,29.2972247,Mexico,MEX,145,26,0.002803067,2253088
186,caseReport,2000_2009,-92.6189273,17.8409173,Mexico,MEX,145,27,0.010076271,1633511
187,serology,2005,-97.503,25.869,Mexico,MEX,145,28,0.009287625,2417467
188,serology,2004,-97.503,25.869,Mexico,MEX,145,28,0.008754011,2417467
189,caseReport,2000_2009,-98.8362755,24.26694,Mexico,MEX,145,28,0.009381943,2417467
190,caseReport,2000_2009,-96.1342241,19.173773,Mexico,MEX,145,30,0.008563471,5566717
191,caseReport,2000_2009,-102.552784,23.634501,Mexico,MEX,145,32,0.002914352,1128144
192,caseReport,2000_2009,-102.5832426,22.7708555,Mexico,MEX,145,32,0.001676274,1128144
193,caseReport,2000_2009,-90.2618068,18.931225,Mexico,MEX,145,4,0.003506743,668024
194,caseReport,2000_2009,-89.3985283,18.806656,Mexico,MEX,145,4,0.015052624,668024
195,caseReport,2000_2009,-93.1292353,16.7569318,Mexico,MEX,145,5,0.01727738,3691078
196,caseReport,2000_2009,-101.7068294,27.058676,Mexico,MEX,145,7,0.002271253,2390942
197,caseReport,2000_2009,-104.0072348,19.1222634,Mexico,MEX,145,8,0.019064264,468013
198,serology,2011-2012,17.0657549,-22.5608807,Namibia,NAM,155,5,0.001168343,268401
199,serology,1980,4.311,10.14,Nigeria,NGA,163,27,0.005814375,3615118
200,serology,pre_2013,72.331,34.953,Pakistan,PAK,171,5,0.001983018,19128049
201,serology,2011-2016,74.357158,31.554606,Pakistan,PAK,171,7,0.019986568,75385739
202,serology,2012,74.357158,31.554606,Pakistan,PAK,171,7,0.008276841,75385739
203,serology,2007_2008,145.7,-5.222,Papua New Guinea,PNG,175,11,0.055959623,274942
204,serology,1999,-73.25,-3.75,Peru,PER,178,17,0.031805315,805386
205,serology,1996,-74.083,-4.367,Peru,PER,178,17,0.003375427,805386
206,serology,1992,-74.218,-4.232,Peru,PER,178,17,0.00928472,805386
207,caseReport,2003_2008,120.7982528,17.5951122,Philippines,PHL,179,1,0.039417752,197769
208,caseReport,2003_2008,120.4818446,14.6416842,Philippines,PHL,179,10,0.016479696,398838
209,caseReport,2003_2008,121.1312012,13.9450336,Philippines,PHL,179,12,0.042835742,1540967
210,caseReport,2003_2008,120.8039474,16.5577257,Philippines,PHL,179,13,0.025445522,523153
211,caseReport,2003_2008,124.4641848,11.5833152,Philippines,PHL,179,14,0.038809218,95096
212,caseReport,2003_2008,124.1435427,9.8499911,Philippines,PHL,179,15,0.036107301,957713
213,caseReport,2003_2008,124.9229946,8.0515054,Philippines,PHL,179,16,0.045790797,1019125
214,caseReport,2003_2008,121.1710389,14.9967842,Philippines,PHL,179,17,0.023866397,2071937
215,caseReport,2003_2008,121.8787833,18.2489629,Philippines,PHL,179,18,0.032305522,916041
216,caseReport,2003_2008,125.5319234,8.9456259,Philippines,PHL,179,2,0.044357186,437984
217,caseReport,2003_2008,123.3486147,13.5250197,Philippines,PHL,179,20,0.019354597,1203569
218,caseReport,2003_2008,124.7298765,9.1732164,Philippines,PHL,179,21,0.037909324,43217
219,caseReport,2003_2008,120.8785658,14.2456329,Philippines,PHL,179,24,0.02480367,1374480
220,caseReport,2003_2008,123.8857747,10.607936,Philippines,PHL,179,25,0.048689266,2314017
221,serology,,123.8857747,10.607936,Philippines,PHL,179,25,0.061,2314017
222,caseReport,2003_2008,126.1762615,7.512515,Philippines,PHL,179,26,0.031460268,438355
223,caseReport,2003_2008,125.6532848,7.5617699,Philippines,PHL,179,27,0.046345718,711569
224,caseReport,2003_2008,125.3284269,6.7662687,Philippines,PHL,179,28,0.041968363,1445842
225,caseReport,2003_2008,126.5419887,7.3171585,Philippines,PHL,179,29,0.04050377,349281
226,caseReport,2003_2008,126.0615384,8.0463888,Philippines,PHL,179,3,0.037994517,540413
227,caseReport,2003_2008,125.4999908,11.5000731,Philippines,PHL,179,31,0.046097368,259484
228,caseReport,2003_2008,122.6325081,10.5928661,Philippines,PHL,179,32,0.024047617,89459
229,caseReport,2003_2008,121.1710389,16.8330792,Philippines,PHL,179,33,0.009567365,137499
230,caseReport,2003_2008,120.7115592,18.1647281,Philippines,PHL,179,34,0.03246845,479856
231,caseReport,2003_2008,120.5739579,17.2278664,Philippines,PHL,179,35,0.036792077,473813
232,caseReport,2003_2008,122.5621063,10.7201501,Philippines,PHL,179,36,0.035424746,1255274
233,caseReport,2003_2008,121.8107079,16.9753758,Philippines,PHL,179,37,0.032327639,1220888
234,caseReport,2003_2008,120.3209373,16.6158906,Philippines,PHL,179,39,0.03598453,582532
235,caseReport,2003_2008,121.4691774,14.1406629,Philippines,PHL,179,40,0.034788741,2702698
236,caseReport,2003_2008,123.8857747,7.8721811,Philippines,PHL,179,41,0.038507822,627073
237,caseReport,2003_2008,124.4198243,7.823176,Philippines,PHL,179,42,0.028789513,784658
238,caseReport,2003_2008,124.8811195,10.8624536,Philippines,PHL,179,43,0.047660171,1298523
239,caseReport,2003_2008,124.2310439,7.2046668,Philippines,PHL,179,44,0.047116932,838593
240,caseReport,2003_2008,124.4198243,6.9422581,Philippines,PHL,179,44,0.045806376,838593
241,caseReport,2003_2008,123.5588558,12.3060239,Philippines,PHL,179,46,0.055574303,504510
242,caseReport,2003_2008,121.0222565,14.6090537,Philippines,PHL,179,47,0.023009041,8667991
243,caseReport,2003_2008,123.7070619,8.3374903,Philippines,PHL,179,48,0.039317809,359414
244,caseReport,2003_2008,124.6219592,8.5045558,Philippines,PHL,179,49,0.050884577,930640
245,caseReport,2003_2008,123.5280072,13.1774827,Philippines,PHL,179,5,0.028927189,870427
246,caseReport,2003_2008,121.03351,17.0663429,Philippines,PHL,179,50,0.003503828,121584
247,caseReport,2003_2008,123.0246518,10.2925609,Philippines,PHL,179,51,0.037438321,2182845
248,caseReport,2003_2008,121.1112615,15.578375,Philippines,PHL,179,55,0.026074583,1574904
249,caseReport,2003_2008,121.1710389,16.3301107,Philippines,PHL,179,56,0.020419787,338963
250,caseReport,2003_2008,118.7383615,9.8349493,Philippines,PHL,179,59,0.024065376,520891
251,caseReport,2003_2008,120.6199895,15.079409,Philippines,PHL,179,60,0.020223529,1728078
252,caseReport,2003_2008,120.2863183,15.8949055,Philippines,PHL,179,61,0.02618943,2121616
253,caseReport,2003_2008,121.947311,13.9346903,Philippines,PHL,179,62,0.038642744,1365728
254,caseReport,2003_2008,121.5370003,16.2700424,Philippines,PHL,179,63,0.019389694,127427
255,caseReport,2003_2008,124.994751,5.9267175,Philippines,PHL,179,67,0.048669667,438587
256,caseReport,2003_2008,124.0147464,12.9927095,Philippines,PHL,179,69,0.029630125,410690
257,caseReport,2003_2008,124.7740793,6.3357565,Philippines,PHL,179,70,0.021465338,684099
258,caseReport,2003_2008,125.1708741,10.3346206,Philippines,PHL,179,71,0.042070123,263018
259,caseReport,2003_2008,125.6969984,9.514828,Philippines,PHL,179,74,0.046736853,393220
260,caseReport,2003_2008,126.1144758,8.5404906,Philippines,PHL,179,75,0.034463783,462344
261,caseReport,2003_2008,120.469642,15.4470354,Philippines,PHL,179,76,0.016849293,990622
262,caseReport,2003_2008,119.9697808,15.5081766,Philippines,PHL,179,78,0.02764544,565883
263,caseReport,2003_2008,123.1688883,8.3886282,Philippines,PHL,179,79,0.029686626,771214
264,caseReport,2003_2008,123.2966657,7.8383054,Philippines,PHL,179,80,0.035888924,1284315
265,caseReport,2003_2008,122.3107517,7.5225247,Philippines,PHL,179,81,0.043743163,331085
266,serology,2008,55.610809,-21.0514,Reunion,REU,186,1,0.000937691,70033
267,serology,pre_2016,39.237551,21.285407,Saudi Arabia,SAU,200,11,0.004607439,4764095
268,serology,2008,80,6.8,Sri Lanka,LKA,217,5,0.034202487,1812794
269,serology,pre_2006,80,6.8,Sri Lanka,LKA,217,5,0.010146923,1812794
270,serology,2008_2009,80,6.8,Sri Lanka,LKA,217,5,0.032062455,1812794
271,serology,1989,31.635,18.285,Sudan,SDN,218,10,0.00225923,871563
272,serology,2011,35.5657862,15.8058472,Sudan,SDN,218,6,0.00143243,1273949
273,serology,1997,120.569,22.63,Taiwan,TWN,225,7,0.006492192,4467434
274,serology,2011,39.3621196,-6.1357295,Tanzania,TZA,227,29,0.006805254,112784
275,caseReport,1985_2012,98.9817163,18.7060641,Thailand,THA,228,10,0.012638439,1165992
276,caseReport,1985_2012,99.840576,19.9104798,Thailand,THA,228,11,0.017053338,857885
277,caseReport,1985_2012,100.9846717,13.3611431,Thailand,THA,228,12,0.018769723,979600
278,caseReport,1985_2012,99.1800199,10.4930496,Thailand,THA,228,13,0.023777467,296436
279,caseReport,1985_2012,103.5060994,16.438508,Thailand,THA,228,14,0.030539831,572764
280,caseReport,1985_2012,99.5226618,16.4827798,Thailand,THA,228,15,0.025068933,586051
281,caseReport,1985_2012,99.4179431,14.1011393,Thailand,THA,228,16,0.034475244,566983
282,caseReport,1985_2012,102.8236214,16.4321938,Thailand,THA,228,17,0.036423512,1217037
283,caseReport,1985_2012,98.9062835,8.0862997,Thailand,THA,228,18,0.023889394,267796
284,caseReport,1985_2012,99.5127895,18.2855395,Thailand,THA,228,19,0.016842286,515159
285,caseReport,1985_2012,100.455052,14.5896054,Thailand,THA,228,2,0.019707345,169012
286,serology,2000,100.384533,14.590194,Thailand,THA,228,2,0.027793281,169012
287,caseReport,1985_2012,99.0087221,18.5744606,Thailand,THA,228,20,0.013275679,338578
288,caseReport,1985_2012,101.7223002,17.4860232,Thailand,THA,228,21,0.026960905,373568
289,caseReport,1985_2012,100.6533706,14.7995081,Thailand,THA,228,22,0.027649649,556761
290,caseReport,1985_2012,97.9654368,19.3020296,Thailand,THA,228,23,0.011757698,133334
291,caseReport,1985_2012,103.1615169,16.0132015,Thailand,THA,228,24,0.03445303,584148
292,caseReport,1985_2012,101.2130511,14.2069466,Thailand,THA,228,26,0.022550635,191681
293,caseReport,1985_2012,100.0372929,13.8140293,Thailand,THA,228,27,0.022012966,690712
294,caseReport,1985_2012,104.7695508,17.392039,Thailand,THA,228,28,0.028118731,405362
295,caseReport,1985_2012,102.083652,14.9738493,Thailand,THA,228,29,0.028167717,1785102
296,caseReport,1985_2012,100.5017651,13.7563309,Thailand,THA,228,3,0.018846145,5925320
297,caseReport,1985_2012,100.11996,15.6987382,Thailand,THA,228,30,0.021388952,707979
298,caseReport,1985_2012,99.9599033,8.4324831,Thailand,THA,228,31,0.027930741,1076161
299,caseReport,1985_2012,100.7730417,18.7756318,Thailand,THA,228,32,0.01413732,336809
300,serology,2014,101.7,6.3,Thailand,THA,228,33,0.070555712,394679
301,caseReport,1985_2012,101.8253143,6.4254607,Thailand,THA,228,33,0.015621944,394679
302,caseReport,1985_2012,102.7412638,17.8782803,Thailand,THA,228,35,0.037190556,331736
303,caseReport,1985_2012,100.5216508,13.8591084,Thailand,THA,228,36,0.017049188,685570
304,caseReport,1985_2012,100.5250276,14.0208391,Thailand,THA,228,37,0.018770156,880882
305,caseReport,1985_2012,101.3232549,6.7618308,Thailand,THA,228,38,0.03277881,404440
306,caseReport,1985_2012,98.5255317,8.4501414,Thailand,THA,228,39,0.020735652,175363
307,caseReport,1985_2012,100.0740231,7.6166823,Thailand,THA,228,40,0.025039547,321525
308,caseReport,1985_2012,100.2023692,19.2154367,Thailand,THA,228,41,0.022455594,310349
309,caseReport,1985_2012,101.1192804,16.301669,Thailand,THA,228,42,0.032460715,667467
310,caseReport,1985_2012,99.6425883,12.9649215,Thailand,THA,228,43,0.025991523,288859
311,caseReport,1985_2012,100.3346991,16.2740876,Thailand,THA,228,44,0.020458678,391355
312,caseReport,1985_2012,100.2658516,16.8211238,Thailand,THA,228,45,0.020892088,656807
313,caseReport,1985_2012,100.5876634,14.3692325,Thailand,THA,228,46,0.022696702,591404
314,serology,2014,100.5689599,14.3532128,Thailand,THA,228,46,0.021303608,591404
315,caseReport,1985_2012,100.1402831,18.1445774,Thailand,THA,228,47,0.019770547,311989
316,caseReport,1985_2012,98.3380884,7.9519331,Thailand,THA,228,48,0.01564568,328894
317,caseReport,1985_2012,101.6600874,14.0420699,Thailand,THA,228,49,0.027389476,422276
318,caseReport,1985_2012,103.1029191,14.9930017,Thailand,THA,228,5,0.034042719,923465
319,caseReport,1985_2012,99.7957564,11.7938389,Thailand,THA,228,50,0.025560303,288799
320,caseReport,1985_2012,98.6084641,9.9528702,Thailand,THA,228,51,0.026251491,161456
321,caseReport,1985_2012,99.8134211,13.5282893,Thailand,THA,228,52,0.025813185,526547
322,serology,2000,99.634,13.451,Thailand,THA,228,52,0.034531103,526547
323,serology,1980,101.237,12.683,Thailand,THA,228,53,0.044152261,541073
324,caseReport,1985_2012,101.2816261,12.6813957,Thailand,THA,228,53,0.01784782,541073
325,serology,2010,101.237,12.683,Thailand,THA,228,53,0.018994795,541073
326,caseReport,1985_2012,103.6520036,16.0538196,Thailand,THA,228,54,0.032618908,778060
327,caseReport,1985_2012,104.1486055,17.1664211,Thailand,THA,228,56,0.029072834,678627
328,caseReport,1985_2012,100.5998319,13.5990961,Thailand,THA,228,57,0.017413183,1664948
329,caseReport,1985_2012,100.2743956,13.5475216,Thailand,THA,228,58,0.018848304,627623
330,caseReport,1985_2012,100.0022645,13.4098217,Thailand,THA,228,59,0.016263088,114774
331,caseReport,1985_2012,101.0779596,13.6904194,Thailand,THA,228,6,0.01376766,504282
332,caseReport,1985_2012,100.9101421,14.5289154,Thailand,THA,228,60,0.032328655,507601
333,caseReport,1985_2012,100.0673744,6.6238158,Thailand,THA,228,61,0.029058082,186128
334,caseReport,1985_2012,104.3220095,15.1186009,Thailand,THA,228,62,0.028863177,769887
335,caseReport,1985_2012,100.3967314,14.8936253,Thailand,THA,228,63,0.019805783,147117
336,caseReport,1985_2012,100.5953813,7.1897659,Thailand,THA,228,64,0.027607597,1056848
337,caseReport,1985_2012,99.8264435,17.0076429,Thailand,THA,228,65,0.026262961,455702
338,caseReport,1985_2012,100.1177128,14.4744892,Thailand,THA,228,66,0.019544273,602687
339,caseReport,1985_2012,99.3334198,9.1341949,Thailand,THA,228,67,0.023172973,722780
340,caseReport,1985_2012,103.4937107,14.882905,Thailand,THA,228,68,0.032651735,803784
341,caseReport,1985_2012,99.1258498,16.8839901,Thailand,THA,228,69,0.02388102,400736
342,caseReport,1985_2012,100.1087187,15.1614193,Thailand,THA,228,7,0.023476047,203282
343,caseReport,1985_2012,99.6239334,7.5644833,Thailand,THA,228,70,0.024113637,460650
344,caseReport,1985_2012,102.5174734,12.2427563,Thailand,THA,228,71,0.022128898,168598
345,caseReport,1985_2012,104.8472995,15.2448453,Thailand,THA,228,72,0.031937152,1262458
346,caseReport,1985_2012,102.8158924,17.3646969,Thailand,THA,228,73,0.038773516,956153
347,caseReport,1985_2012,100.0245527,15.3835001,Thailand,THA,228,74,0.020231201,211201
348,caseReport,1985_2012,100.0992942,17.6200886,Thailand,THA,228,75,0.020480272,321265
349,caseReport,1985_2012,101.2804075,6.5411018,Thailand,THA,228,76,0.019499513,339645
350,caseReport,1985_2012,104.1452827,15.792641,Thailand,THA,228,77,0.036141992,343694
351,caseReport,1985_2012,102.0315027,15.8068173,Thailand,THA,228,8,0.03391054,679150
352,caseReport,1985_2012,102.1037806,12.6112485,Thailand,THA,228,9,0.020527807,330938
353,serology,2004,-97.464746,25.992059,United States,USA,244,44,0.002545939,19207655
354,serology,2005,-97.464746,25.992059,United States,USA,244,44,0.003063898,19207655
355,caseReport,2004_2011,-65.0957792,2.8101413,Venezuela,VEN,249,1,0.027849199,244088
356,caseReport,2004_2011,-66.9511459,10.5004352,Venezuela,VEN,249,11,0.052961834,1349960
357,caseReport,2004_2011,-69.8597406,11.1810674,Venezuela,VEN,249,12,0.034776811,616288
358,caseReport,2004_2011,-66.2367172,8.7489309,Venezuela,VEN,249,13,0.043223024,686004
359,caseReport,2004_2011,-69.8597406,10.1537842,Venezuela,VEN,249,14,0.053510103,1424288
360,caseReport,2004_2011,-71.1804988,8.5698244,Venezuela,VEN,249,15,0.038826797,648009
361,caseReport,2004_2011,-66.4271499,10.2509303,Venezuela,VEN,249,16,0.053252507,1706994
362,caseReport,2004_2011,-63.0147578,9.3241652,Venezuela,VEN,249,17,0.040954471,889564
363,caseReport,2004_2011,-63.9113296,10.9970723,Venezuela,VEN,249,18,0.050181429,245539
364,caseReport,2004_2011,-69.097023,9.0943999,Venezuela,VEN,249,19,0.030343264,813814
365,caseReport,2004_2011,-63.9586111,8.5913073,Venezuela,VEN,249,2,0.045592095,1365638
366,caseReport,2004_2011,-63.297505,10.4055886,Venezuela,VEN,249,20,0.037894207,491327
367,caseReport,2004_2011,-72.1416132,7.9137001,Venezuela,VEN,249,21,0.045821553,1034703
368,caseReport,2004_2011,-70.4372404,9.3564497,Venezuela,VEN,249,22,0.051210114,522112
369,caseReport,2004_2011,-66.7367345,10.5890015,Venezuela,VEN,249,23,0.051807683,173969
370,caseReport,2004_2011,-68.8108849,10.339389,Venezuela,VEN,249,24,0.058375136,397915
371,serology,1995,-71.615,10.991,Venezuela,VEN,249,25,0.005264052,2427854
372,caseReport,2004_2011,-72.1416132,10.2910237,Venezuela,VEN,249,25,0.036835835,2427854
373,caseReport,2004_2011,-68.5247149,6.9269483,Venezuela,VEN,249,3,0.018521351,272276
374,caseReport,2004_2011,-67.2847875,10.0635758,Venezuela,VEN,249,4,0.051817279,971685
375,serology,2010,-67.4,10.15,Venezuela,VEN,249,4,0.025040843,971685
376,caseReport,2004_2011,-70.2371045,8.6231498,Venezuela,VEN,249,5,0.048267948,612604
377,caseReport,2004_2011,-63.580611,6.3585216,Venezuela,VEN,249,6,0.034807131,759056
378,caseReport,2004_2011,-68.0477509,10.1176433,Venezuela,VEN,249,7,0.052480467,1855098
379,caseReport,2004_2011,-68.3339275,9.3816682,Venezuela,VEN,249,8,0.044547033,248290
380,caseReport,2004_2011,-61.1403196,8.8499307,Venezuela,VEN,249,9,0.017240638,149705
381,serology,pre_2005,108.072,11.09,Vietnam,VNM,250,12,0.028174185,731355
382,serology,1996_1997,105.633,10.46,Vietnam,VNM,250,3,0.035698827,1193981
